edge_id,u,v,key,length,highway,geometry
0,1472212617,1814804288,0,134.64243597635198,residential,"LINESTRING (77.6837616 12.8250417, 77.6839622 12.8250851, 77.6841545 12.8251122, 77.6842784 12.8251187, 77.6845445 12.8251363, 77.6847468 12.8251362, 77.6849949 12.8251566)"
1,1472212617,2389211797,0,108.88914783540463,tertiary,"LINESTRING (77.6837616 12.8250417, 77.6833525 12.825617, 77.6832081 12.8258581)"
2,1472212617,5922720525,0,61.45383953773977,tertiary,"LINESTRING (77.6837616 12.8250417, 77.6841035 12.8246009)"
3,1724068162,1964047103,0,483.9639651940645,tertiary,"LINESTRING (77.68385 12.8241903, 77.6843266 12.8236353, 77.6848227 12.8231416, 77.6849517 12.8230051, 77.6855869 12.8222485, 77.6858616 12.8219301, 77.6859062 12.8218789, 77.6867971 12.8209243)"
4,1724068162,10001212631,0,19.959792300485432,tertiary,"LINESTRING (77.68385 12.8241903, 77.6840293 12.824231)"
5,1814804288,1472212617,0,134.64243597635195,residential,"LINESTRING (77.6849949 12.8251566, 77.6847468 12.8251362, 77.6845445 12.8251363, 77.6842784 12.8251187, 77.6841545 12.8251122, 77.6839622 12.8250851, 77.6837616 12.8250417)"
6,1814804288,1814804289,0,36.38880139872825,residential,"LINESTRING (77.6849949 12.8251566, 77.6853305 12.8251606)"
7,1814804288,1814895817,0,35.37410269337422,residential,"LINESTRING (77.6849949 12.8251566, 77.6849857 12.8254746)"
8,1814804288,5922720526,0,45.298254780562225,residential,"LINESTRING (77.6849949 12.8251566, 77.6850151 12.8247497)"
9,1814804289,1814804288,0,36.38880139872825,residential,"LINESTRING (77.6853305 12.8251606, 77.6849949 12.8251566)"
10,1814804289,1814804290,0,82.0661798375186,residential,"LINESTRING (77.6853305 12.8251606, 77.6853076 12.8258983)"
11,1814804289,3203411671,0,40.83716232628339,residential,"LINESTRING (77.6853305 12.8251606, 77.6857071 12.8251668)"
12,1814804289,5922720526,0,146.48431850955308,residential,"LINESTRING (77.6853305 12.8251606, 77.6853564 12.8245462, 77.6853579 12.8244555, 77.6853119 12.8244198, 77.6852282 12.8243968, 77.6851479 12.8243957, 77.6850901 12.8244371, 77.6850667 12.8245073, 77.6850151 12.8247497)"
13,1814804290,1814804289,0,82.0661798375186,residential,"LINESTRING (77.6853076 12.8258983, 77.6853305 12.8251606)"
14,1814804290,1814804293,0,139.22704740648118,residential,"LINESTRING (77.6853076 12.8258983, 77.6850555 12.8259244, 77.6842586 12.8260097, 77.6841352 12.8260463, 77.6840738 12.8261232)"
15,1814804290,1814804310,0,44.31503250661132,residential,"LINESTRING (77.6853076 12.8258983, 77.6856991 12.8257838)"
16,1814804293,1814804290,0,139.22704740648118,residential,"LINESTRING (77.6840738 12.8261232, 77.6841352 12.8260463, 77.6842586 12.8260097, 77.6850555 12.8259244, 77.6853076 12.8258983)"
17,1814804293,2389211798,0,34.844609676664035,residential,"LINESTRING (77.6840738 12.8261232, 77.6840893 12.8258102)"
18,1814804293,7207653988,0,21.334921890848733,residential,"LINESTRING (77.6840738 12.8261232, 77.6841196 12.8263098)"
19,1814804293,11027164733,0,42.32466832406024,residential,"LINESTRING (77.6840738 12.8261232, 77.6836867 12.826074)"
20,1814804308,3203411671,0,133.2358398961853,residential,"LINESTRING (77.6861236 12.824263, 77.6858502 12.8243031, 77.6857474 12.8243518, 77.685731 12.8244206, 77.6857071 12.8251668)"
21,1814804308,5922720514,0,10.229209136189935,residential,"LINESTRING (77.6861236 12.824263, 77.686217 12.82425)"
22,1814804308,13757824083,0,91.91475775867431,residential,"LINESTRING (77.6861236 12.824263, 77.6861123 12.8249934, 77.6861042 12.8250892)"
23,1814804309,3203411671,0,42.22745276101228,residential,"LINESTRING (77.6860962 12.8251835, 77.6857071 12.8251668)"
24,1814804309,13757824083,0,10.521509211109748,residential,"LINESTRING (77.6860962 12.8251835, 77.6861042 12.8250892)"
25,1814804310,1814804290,0,44.31503250661132,residential,"LINESTRING (77.6856991 12.8257838, 77.6853076 12.8258983)"
26,1814804310,3203411671,0,68.6128492695915,residential,"LINESTRING (77.6856991 12.8257838, 77.6857071 12.8251668)"
27,1814889209,1814889221,0,181.9323925219061,residential,"LINESTRING (77.6864824 12.8255374, 77.6868533 12.8254238, 77.6868442 12.8249113, 77.6868311 12.8241669)"
28,1814889209,13757824084,0,56.82613232098327,residential,"LINESTRING (77.6864824 12.8255374, 77.6864902 12.8252146, 77.6865009 12.8250734, 77.6865036 12.8250269)"
29,1814889221,1814889209,0,181.9323925219061,residential,"LINESTRING (77.6868311 12.8241669, 77.6868442 12.8249113, 77.6868533 12.8254238, 77.6864824 12.8255374)"
30,1814889221,5922720517,0,4.563335942069034,residential,"LINESTRING (77.6868311 12.8241669, 77.6867893 12.8241717)"
31,1814889221,5922720520,0,29.852692693104665,residential,"LINESTRING (77.6868311 12.8241669, 77.6869117 12.8241365, 77.6870775 12.8240482)"
32,1814889237,5922720510,0,169.89264755515615,residential,"LINESTRING (77.6865079 12.8242245, 77.6862274 12.8227213)"
33,1814889237,5922720514,0,31.666980648460353,residential,"LINESTRING (77.6865079 12.8242245, 77.686217 12.82425)"
34,1814889237,5922720517,0,31.069544854305377,residential,"LINESTRING (77.6865079 12.8242245, 77.6867893 12.8241717)"
35,1814889237,13757824084,0,89.35961224778582,residential,"LINESTRING (77.6865079 12.8242245, 77.6865242 12.8243668, 77.6865092 12.8249306, 77.6865036 12.8250269)"
36,1814895779,13516244094,0,105.2933143583511,tertiary_link,"LINESTRING (77.6888749 12.8105565, 77.689765 12.8108316, 77.6897973 12.8108499)"
37,1814895787,1814895833,0,53.01350522024255,tertiary,"LINESTRING (77.6915609 12.815071, 77.6914133 12.8153061, 77.6913664 12.8153809, 77.6913318 12.8154892)"
38,1814895787,1814895859,0,86.08156969733042,tertiary,"LINESTRING (77.6915609 12.815071, 77.6919701 12.8144076)"
39,1814895787,7100739209,0,30.121237569723437,tertiary,"LINESTRING (77.6915609 12.815071, 77.6918243 12.8151571)"
40,1814895796,1827518583,0,198.27992277536217,tertiary,"LINESTRING (77.6838752 12.8142543, 77.6825119 12.8130658)"
41,1814895796,6746053665,0,21.384057271556227,tertiary,"LINESTRING (77.6838752 12.8142543, 77.6840223 12.8143824)"
42,1814895796,7826024973,0,145.44802720249575,residential,"LINESTRING (77.6838752 12.8142543, 77.6847542 12.8132662)"
43,1814895801,7826024963,0,7.965121154263412,tertiary,"LINESTRING (77.6851414 12.8153537, 77.6850883 12.8153042)"
44,1814895801,9780799612,0,146.5653234319347,residential,"LINESTRING (77.6851414 12.8153537, 77.6853297 12.815124, 77.6860026 12.8143378)"
45,1814895801,14100775640,0,451.65510796049114,tertiary,"LINESTRING (77.6851414 12.8153537, 77.6859715 12.816113, 77.6869295 12.8169815, 77.6869643 12.8170131, 77.6870105 12.8170549, 77.6874387 12.817443, 77.687491 12.8174905, 77.6876797 12.8176616, 77.6882061 12.8181041)"
46,1814895815,1814895832,0,52.94311963875434,residential,"LINESTRING (77.6907495 12.8151774, 77.6909848 12.8147602)"
47,1814895815,1814895833,0,72.02921213210351,residential,"LINESTRING (77.6907495 12.8151774, 77.6913318 12.8154892)"
48,1814895815,7147141393,0,78.25308485285726,residential,"LINESTRING (77.6907495 12.8151774, 77.6901325 12.8148123)"
49,1814895817,1814804288,0,35.37410269337422,residential,"LINESTRING (77.6849857 12.8254746, 77.6849949 12.8251566)"
50,1814895821,11929997701,0,13.474659454594013,tertiary,"LINESTRING (77.6889587 12.818821, 77.6888526 12.8187579)"
51,1814895821,14100775651,0,7.185863853413883,tertiary,"LINESTRING (77.6889587 12.818821, 77.6889149 12.8188695)"
52,1814895831,1814895849,0,115.43069243198964,residential,"LINESTRING (77.6889193 12.8140752, 77.6883385 12.8149452)"
53,1814895831,3680870768,0,50.73976358573878,residential,"LINESTRING (77.6889193 12.8140752, 77.6892187 12.8137245)"
54,1814895831,9780811223,0,42.17827189533978,residential,"LINESTRING (77.6889193 12.8140752, 77.6892506 12.814274)"
55,1814895832,1814895815,0,52.94311963875434,residential,"LINESTRING (77.6909848 12.8147602, 77.6907495 12.8151774)"
56,1814895832,1814895875,0,63.360932689103606,residential,"LINESTRING (77.6909848 12.8147602, 77.6912688 12.8142622)"
57,1814895832,4038489320,0,118.30618750538927,residential,"LINESTRING (77.6909848 12.8147602, 77.6900381 12.8142312)"
58,1814895833,1814895787,0,53.01350522024255,tertiary,"LINESTRING (77.6913318 12.8154892, 77.6913664 12.8153809, 77.6914133 12.8153061, 77.6915609 12.815071)"
59,1814895833,1814895815,0,72.02921213210351,residential,"LINESTRING (77.6913318 12.8154892, 77.6907495 12.8151774)"
60,1814895833,5018297478,0,21.806769799921785,tertiary,"LINESTRING (77.6913318 12.8154892, 77.6914877 12.8156131)"
61,1814895833,11929997699,0,54.3823753270283,tertiary,"LINESTRING (77.6913318 12.8154892, 77.6911722 12.8158188, 77.6911096 12.8159274)"
62,1814895842,1814895887,0,241.80041591141486,tertiary,"LINESTRING (77.6968344 12.8088807, 77.6967967 12.8088918, 77.6967533 12.8089154, 77.6967159 12.8089407, 77.6963905 12.8092122, 77.6959205 12.8096441, 77.6955719 12.8099919, 77.6951978 12.8103478)"
63,1814895842,7100739191,0,134.27057491611797,tertiary,"LINESTRING (77.6968344 12.8088807, 77.6967528 12.8089837, 77.6960607 12.8098235)"
64,1814895849,1814895831,0,115.43069243198964,residential,"LINESTRING (77.6883385 12.8149452, 77.6889193 12.8140752)"
65,1814895855,1814895872,0,105.05026152662428,residential,"LINESTRING (77.6866191 12.8136366, 77.6869494 12.8133104, 77.6872486 12.8129213)"
66,1814895855,7826024961,0,46.06736989083911,residential,"LINESTRING (77.6866191 12.8136366, 77.6862988 12.8133644)"
67,1814895855,9780799612,0,102.71527394555302,residential,"LINESTRING (77.6866191 12.8136366, 77.6863722 12.8139059, 77.6860026 12.8143378)"
68,1814895859,1814895787,0,86.08156969733042,tertiary,"LINESTRING (77.6919701 12.8144076, 77.6915609 12.815071)"
69,1814895859,1814895880,0,279.57138934899075,tertiary,"LINESTRING (77.6919701 12.8144076, 77.693538 12.8124116)"
70,1814895859,3044705479,0,192.18678176892644,residential,"LINESTRING (77.6919701 12.8144076, 77.690883 12.8138921, 77.6903644 12.8136767)"
71,1814895859,7100739208,0,40.58760818410085,residential,"LINESTRING (77.6919701 12.8144076, 77.6923174 12.8145438)"
72,1814895864,6746053665,0,60.63179186667519,tertiary,"LINESTRING (77.6844545 12.8147284, 77.6841855 12.814513, 77.6840976 12.8144428, 77.6840223 12.8143824)"
73,1814895864,7826024963,0,93.93548742759715,tertiary,"LINESTRING (77.6844545 12.8147284, 77.6848885 12.8151309, 77.6850883 12.8153042)"
74,1814895864,7826024972,0,145.31607127126898,residential,"LINESTRING (77.6844545 12.8147284, 77.6853437 12.8137506)"
75,1814895865,4038489320,0,48.83429572195918,residential,"LINESTRING (77.6898157 12.8146131, 77.6900381 12.8142312)"
76,1814895865,7147141393,0,40.87165623693633,residential,"LINESTRING (77.6898157 12.8146131, 77.6901325 12.8148123)"
77,1814895865,9780811222,0,32.326938295307144,residential,"LINESTRING (77.6898157 12.8146131, 77.6895618 12.8144607)"
78,1814895867,7146686153,0,189.73191275596548,tertiary,"LINESTRING (77.6812116 12.8118292, 77.682145 12.812708, 77.6824649 12.8130199)"
79,1814895872,1814895855,0,105.05026152662428,residential,"LINESTRING (77.6872486 12.8129213, 77.6869494 12.8133104, 77.6866191 12.8136366)"
80,1814895872,3680870766,0,272.92294862153364,residential,"LINESTRING (77.6872486 12.8129213, 77.6874653 12.8126717, 77.6875551 12.8126311, 77.6876819 12.8126613, 77.6888467 12.8133278, 77.6890574 12.8134021, 77.689426 12.8134822)"
81,1814895872,7826024962,0,47.06583244370987,residential,"LINESTRING (77.6872486 12.8129213, 77.6869026 12.8126657)"
82,1814895875,1814895832,0,63.360932689103606,residential,"LINESTRING (77.6912688 12.8142622, 77.6909848 12.8147602)"
83,1814895880,1814895859,0,279.57138934899075,tertiary,"LINESTRING (77.693538 12.8124116, 77.6919701 12.8144076)"
84,1814895880,1814895887,0,291.6354185928991,tertiary,"LINESTRING (77.693538 12.8124116, 77.6942168 12.8115676, 77.6951978 12.8103478)"
85,1814895880,13516244096,0,230.5947712474074,tertiary_link,"LINESTRING (77.693538 12.8124116, 77.6931269 12.8122616, 77.693027 12.8122252, 77.6926842 12.8120604, 77.6926354 12.8120369, 77.6922331 12.8118852, 77.6917176 12.8116277, 77.6915963 12.8115722)"
86,1814895887,1814895842,0,241.80041591141486,tertiary,"LINESTRING (77.6951978 12.8103478, 77.6955719 12.8099919, 77.6959205 12.8096441, 77.6963905 12.8092122, 77.6967159 12.8089407, 77.6967533 12.8089154, 77.6967967 12.8088918, 77.6968344 12.8088807)"
87,1814895887,1814895880,0,291.6354185928991,tertiary,"LINESTRING (77.6951978 12.8103478, 77.6942168 12.8115676, 77.693538 12.8124116)"
88,1827518583,1814895796,0,198.27992277536217,tertiary,"LINESTRING (77.6825119 12.8130658, 77.6838752 12.8142543)"
89,1827518583,7146686153,0,7.2124106078918615,tertiary,"LINESTRING (77.6825119 12.8130658, 77.6824649 12.8130199)"
90,1827518583,9933396071,0,659.4079288526068,residential,"LINESTRING (77.6825119 12.8130658, 77.6809313 12.8147566, 77.6796708 12.8161232, 77.6784629 12.8173561, 77.6783926 12.8174279)"
91,1964047103,1724068162,0,483.96396519406443,tertiary,"LINESTRING (77.6867971 12.8209243, 77.6859062 12.8218789, 77.6858616 12.8219301, 77.6855869 12.8222485, 77.6849517 12.8230051, 77.6848227 12.8231416, 77.6843266 12.8236353, 77.68385 12.8241903)"
92,1964047103,9942406039,0,604.1096689968257,secondary,"LINESTRING (77.6867971 12.8209243, 77.6867533 12.8208853, 77.6847952 12.8193859, 77.6843456 12.8190728, 77.6835856 12.8186005, 77.6832721 12.8184601, 77.6829047 12.8183271, 77.6827484 12.8182799, 77.6824406 12.8182164, 77.6820916 12.8181594)"
93,1964047103,11924857525,0,27.609458293917687,tertiary,"LINESTRING (77.6867971 12.8209243, 77.6869666 12.820739)"
94,1964047107,11929990226,0,7.892725526104293,tertiary,"LINESTRING (77.6893302 12.8189602, 77.6892596 12.8189429)"
95,1964047107,11929990228,0,54.85775182440722,tertiary,"LINESTRING (77.6893302 12.8189602, 77.6894385 12.8188291, 77.6896412 12.8185711)"
96,1964047108,5395327190,0,148.81481652875627,tertiary,"LINESTRING (77.688684 12.8196491, 77.6883629 12.8200189, 77.6877983 12.8205962, 77.6877601 12.8206381)"
97,1964047108,14100775645,0,98.22274454028803,tertiary,"LINESTRING (77.688684 12.8196491, 77.6888626 12.8194661, 77.6892968 12.8189986)"
98,2389211796,2389211797,0,18.383552825514354,tertiary,"LINESTRING (77.6831259 12.8260027, 77.6832081 12.8258581)"
99,2389211796,11007224148,0,32.64897548869872,residential,"LINESTRING (77.6831259 12.8260027, 77.6834245 12.8260407)"
100,2389211797,1472212617,0,108.88914783540463,tertiary,"LINESTRING (77.6832081 12.8258581, 77.6833525 12.825617, 77.6837616 12.8250417)"
101,2389211797,2389211796,0,18.383552825514354,tertiary,"LINESTRING (77.6832081 12.8258581, 77.6831259 12.8260027)"
102,2389211797,2389211798,0,95.68866704020654,residential,"LINESTRING (77.6832081 12.8258581, 77.6840893 12.8258102)"
103,2389211798,1814804293,0,34.844609676664035,residential,"LINESTRING (77.6840893 12.8258102, 77.6840738 12.8261232)"
104,2389211798,2389211797,0,95.68866704020654,residential,"LINESTRING (77.6840893 12.8258102, 77.6832081 12.8258581)"
105,2389211798,2389211799,0,103.16462031506252,residential,"LINESTRING (77.6840893 12.8258102, 77.6850298 12.8256694)"
106,2389211799,2389211798,0,103.16462031506252,residential,"LINESTRING (77.6850298 12.8256694, 77.6840893 12.8258102)"
107,2415950467,7826024958,0,99.66220547655448,residential,"LINESTRING (77.6853515 12.8125949, 77.685786 12.8121042, 77.6859522 12.8119165)"
108,2415950467,7826024973,0,98.82388871480147,residential,"LINESTRING (77.6853515 12.8125949, 77.6847542 12.8132662)"
109,2415950467,9780799611,0,57.30269959037122,residential,"LINESTRING (77.6853515 12.8125949, 77.6857598 12.8129221)"
110,2415950469,7826024957,0,99.70137707761717,residential,"LINESTRING (77.6859808 12.8130992, 77.6865513 12.812396)"
111,2415950469,9780799606,0,36.35350718438029,residential,"LINESTRING (77.6859808 12.8130992, 77.6862356 12.8133117)"
112,2415950469,9780799611,0,31.015918151823488,residential,"LINESTRING (77.6859808 12.8130992, 77.6857598 12.8129221)"
113,2415950479,7826024963,0,218.22378020333824,residential,"LINESTRING (77.6836625 12.8166886, 77.6842091 12.8161379, 77.6845225 12.8158222, 77.6849215 12.8154569, 77.6850883 12.8153042)"
114,3044705479,1814895859,0,192.18678176892644,residential,"LINESTRING (77.6903644 12.8136767, 77.690883 12.8138921, 77.6919701 12.8144076)"
115,3044705479,3680870766,0,104.02278960505927,residential,"LINESTRING (77.6903644 12.8136767, 77.6899269 12.8135826, 77.689426 12.8134822)"
116,3044705479,4038489320,0,71.0870354408029,residential,"LINESTRING (77.6903644 12.8136767, 77.6900381 12.8142312)"
117,3203411671,1814804289,0,40.83716232628339,residential,"LINESTRING (77.6857071 12.8251668, 77.6853305 12.8251606)"
118,3203411671,1814804308,0,133.2358398961853,residential,"LINESTRING (77.6857071 12.8251668, 77.685731 12.8244206, 77.6857474 12.8243518, 77.6858502 12.8243031, 77.6861236 12.824263)"
119,3203411671,1814804309,0,42.22745276101228,residential,"LINESTRING (77.6857071 12.8251668, 77.6860962 12.8251835)"
120,3203411671,1814804310,0,68.6128492695915,residential,"LINESTRING (77.6857071 12.8251668, 77.6856991 12.8257838)"
121,3680870766,1814895872,0,272.92294862153364,residential,"LINESTRING (77.689426 12.8134822, 77.6890574 12.8134021, 77.6888467 12.8133278, 77.6876819 12.8126613, 77.6875551 12.8126311, 77.6874653 12.8126717, 77.6872486 12.8129213)"
122,3680870766,3044705479,0,104.02278960505927,residential,"LINESTRING (77.689426 12.8134822, 77.6899269 12.8135826, 77.6903644 12.8136767)"
123,3680870766,3680870768,0,35.087093681000674,residential,"LINESTRING (77.689426 12.8134822, 77.6892187 12.8137245)"
124,3680870768,1814895831,0,50.73976358573878,residential,"LINESTRING (77.6892187 12.8137245, 77.6889193 12.8140752)"
125,3680870768,3680870766,0,35.087093681000674,residential,"LINESTRING (77.6892187 12.8137245, 77.689426 12.8134822)"
126,3680870768,4038489320,0,105.20340844042661,residential,"LINESTRING (77.6892187 12.8137245, 77.6900381 12.8142312)"
127,4038489320,1814895832,0,118.30618750538927,residential,"LINESTRING (77.6900381 12.8142312, 77.6909848 12.8147602)"
128,4038489320,1814895865,0,48.83429572195918,residential,"LINESTRING (77.6900381 12.8142312, 77.6898157 12.8146131)"
129,4038489320,3044705479,0,71.0870354408029,residential,"LINESTRING (77.6900381 12.8142312, 77.6903644 12.8136767)"
130,4038489320,3680870768,0,105.20340844042661,residential,"LINESTRING (77.6900381 12.8142312, 77.6892187 12.8137245)"
131,5018297466,5018297467,0,124.48387276862886,tertiary,"LINESTRING (77.6979171 12.8168456, 77.6984055 12.8168198, 77.6987921 12.8168123, 77.6988456 12.8168262, 77.6988716 12.8168796, 77.6989107 12.8169276, 77.698972 12.8169964)"
132,5018297466,5018297473,0,50.93146191034434,tertiary,"LINESTRING (77.6979171 12.8168456, 77.6974636 12.8167262)"
133,5018297466,6270845567,0,59.281022439183054,residential,"LINESTRING (77.6979171 12.8168456, 77.697929 12.8173786)"
134,5018297467,5018297466,0,124.48387276862886,tertiary,"LINESTRING (77.698972 12.8169964, 77.6989107 12.8169276, 77.6988716 12.8168796, 77.6988456 12.8168262, 77.6987921 12.8168123, 77.6984055 12.8168198, 77.6979171 12.8168456)"
135,5018297467,9780835308,0,156.29231211485785,tertiary,"LINESTRING (77.698972 12.8169964, 77.6992124 12.8170008, 77.6999735 12.8170202, 77.7001683 12.8170592, 77.7004015 12.8171178)"
136,5018297467,10593671378,0,10.595315500154927,residential,"LINESTRING (77.698972 12.8169964, 77.6989781 12.8170915)"
137,5018297467,13128325125,0,123.2260478455106,residential,"LINESTRING (77.698972 12.8169964, 77.698971 12.8168176, 77.6990032 12.8162017, 77.6988664 12.8160383, 77.6988218 12.8159463)"
138,5018297473,5018297466,0,50.93146191034434,tertiary,"LINESTRING (77.6974636 12.8167262, 77.6979171 12.8168456)"
139,5018297473,9903259292,0,104.96332399076684,residential,"LINESTRING (77.6974636 12.8167262, 77.6975073 12.8164502, 77.6975183 12.8157856)"
140,5018297473,10168788332,0,731.6045521595715,tertiary,"LINESTRING (77.6974636 12.8167262, 77.6970865 12.8166537, 77.6966777 12.8166437, 77.6962335 12.8166433, 77.6931678 12.817033, 77.6922146 12.8171151, 77.6918438 12.8171473, 77.6908411 12.8172343, 77.6907588 12.8172414)"
141,5018297475,9780799602,0,351.5182288508666,tertiary,"LINESTRING (77.6906689 12.8172492, 77.690727 12.8171795, 77.6907695 12.8171263, 77.6910716 12.8167484, 77.6910959 12.8167181, 77.6912307 12.8165494, 77.6913538 12.8163954, 77.6923554 12.8151425, 77.6926732 12.8147646)"
142,5018297475,10168788332,0,9.785864210321574,tertiary,"LINESTRING (77.6906689 12.8172492, 77.6907588 12.8172414)"
143,5018297475,11929990228,0,184.4613488633528,tertiary,"LINESTRING (77.6906689 12.8172492, 77.6902674 12.817751, 77.6896599 12.8185473, 77.6896412 12.8185711)"
144,5018297478,1814895833,0,21.806769799921785,tertiary,"LINESTRING (77.6914877 12.8156131, 77.6913318 12.8154892)"
145,5018297478,11929997702,0,51.99972205594293,tertiary,"LINESTRING (77.6914877 12.8156131, 77.6912112 12.8159952)"
146,5279552070,5279552071,0,115.9116360906369,residential,"LINESTRING (77.6868743 12.8215828, 77.6869777 12.8220953, 77.686987 12.8221414, 77.687092 12.8226033)"
147,5279552070,5395327190,0,142.33270703600272,tertiary,"LINESTRING (77.6868743 12.8215828, 77.6872844 12.8211472, 77.6873249 12.8211042, 77.6875663 12.8208453, 77.6876242 12.8207834, 77.6877601 12.8206381)"
148,5279552070,5922720518,0,33.98480894207739,tertiary,"LINESTRING (77.6868743 12.8215828, 77.6866651 12.8218104)"
149,5279552071,5279552070,0,115.9116360906369,residential,"LINESTRING (77.687092 12.8226033, 77.686987 12.8221414, 77.6869777 12.8220953, 77.6868743 12.8215828)"
150,5279552071,5922720519,0,31.37961933722778,residential,"LINESTRING (77.687092 12.8226033, 77.6868062 12.8226478)"
151,5279552071,5922720523,0,146.73030844619873,residential,"LINESTRING (77.687092 12.8226033, 77.6873305 12.8238364, 77.6873405 12.8239004)"
152,5395327190,1964047108,0,148.81481652875627,tertiary,"LINESTRING (77.6877601 12.8206381, 77.6877983 12.8205962, 77.6883629 12.8200189, 77.688684 12.8196491)"
153,5395327190,5279552070,0,142.33270703600272,tertiary,"LINESTRING (77.6877601 12.8206381, 77.6876242 12.8207834, 77.6875663 12.8208453, 77.6873249 12.8211042, 77.6872844 12.8211472, 77.6868743 12.8215828)"
154,5395327190,11009893414,0,66.23671320896895,residential,"LINESTRING (77.6877601 12.8206381, 77.6879024 12.8206149, 77.6883673 12.8205757)"
155,5395327195,9489141803,0,17.73105038905134,residential,"LINESTRING (77.6919796 12.8201948, 77.6918169 12.8202109)"
156,5395327195,9992847514,0,86.16341315573436,residential,"LINESTRING (77.6919796 12.8201948, 77.6921341 12.8209549)"
157,5395327195,11009962479,0,189.09744902512773,residential,"LINESTRING (77.6919796 12.8201948, 77.6927912 12.8201179, 77.6928085 12.8201163, 77.6931748 12.8200816, 77.6937155 12.8200304)"
158,5922720507,5922720508,0,14.288963035208585,residential,"LINESTRING (77.6858845 12.8226473, 77.6859071 12.8227739)"
159,5922720507,5922720511,0,44.949263290014606,tertiary,"LINESTRING (77.6858845 12.8226473, 77.6861554 12.8223413)"
160,5922720507,9780799589,0,65.1705947503442,tertiary,"LINESTRING (77.6858845 12.8226473, 77.685686 12.8228774, 77.6854929 12.8230919)"
161,5922720508,5922720507,0,14.288963035208585,residential,"LINESTRING (77.6859071 12.8227739, 77.6858845 12.8226473)"
162,5922720508,5922720510,0,35.21666673459233,residential,"LINESTRING (77.6859071 12.8227739, 77.6862274 12.8227213)"
163,5922720508,5922720514,0,167.5677857140295,residential,"LINESTRING (77.6859071 12.8227739, 77.6862116 12.824199, 77.686217 12.82425)"
164,5922720510,1814889237,0,169.89264755515615,residential,"LINESTRING (77.6862274 12.8227213, 77.6865079 12.8242245)"
165,5922720510,5922720508,0,35.21666673459233,residential,"LINESTRING (77.6862274 12.8227213, 77.6859071 12.8227739)"
166,5922720510,5922720511,0,42.969191513718165,residential,"LINESTRING (77.6862274 12.8227213, 77.6861554 12.8223413)"
167,5922720510,5922720516,0,30.424005274451073,residential,"LINESTRING (77.6862274 12.8227213, 77.6865041 12.8226758)"
168,5922720511,5922720507,0,44.949263290014606,tertiary,"LINESTRING (77.6861554 12.8223413, 77.6858845 12.8226473)"
169,5922720511,5922720510,0,42.969191513718165,residential,"LINESTRING (77.6861554 12.8223413, 77.6862274 12.8227213)"
170,5922720511,5922720515,0,36.20051512578745,tertiary,"LINESTRING (77.6861554 12.8223413, 77.6863888 12.8221085)"
171,5922720514,1814804308,0,10.229209136189935,residential,"LINESTRING (77.686217 12.82425, 77.6861236 12.824263)"
172,5922720514,1814889237,0,31.666980648460353,residential,"LINESTRING (77.686217 12.82425, 77.6865079 12.8242245)"
173,5922720514,5922720508,0,167.5677857140295,residential,"LINESTRING (77.686217 12.82425, 77.6862116 12.824199, 77.6859071 12.8227739)"
174,5922720515,5922720511,0,36.20051512578745,tertiary,"LINESTRING (77.6863888 12.8221085, 77.6861554 12.8223413)"
175,5922720515,5922720516,0,64.30774316624323,residential,"LINESTRING (77.6863888 12.8221085, 77.6865041 12.8226758)"
176,5922720515,5922720518,0,44.67849902431608,tertiary,"LINESTRING (77.6863888 12.8221085, 77.6866651 12.8218104)"
177,5922720516,5922720510,0,30.424005274451073,residential,"LINESTRING (77.6865041 12.8226758, 77.6862274 12.8227213)"
178,5922720516,5922720515,0,64.30774316624323,residential,"LINESTRING (77.6865041 12.8226758, 77.6863888 12.8221085)"
179,5922720516,5922720517,0,169.18649147416696,residential,"LINESTRING (77.6865041 12.8226758, 77.6867893 12.8241717)"
180,5922720516,5922720519,0,32.90194730702977,residential,"LINESTRING (77.6865041 12.8226758, 77.6868062 12.8226478)"
181,5922720517,1814889221,0,4.563335942069034,residential,"LINESTRING (77.6867893 12.8241717, 77.6868311 12.8241669)"
182,5922720517,1814889237,0,31.069544854305377,residential,"LINESTRING (77.6867893 12.8241717, 77.6865079 12.8242245)"
183,5922720517,5922720516,0,169.18649147416696,residential,"LINESTRING (77.6867893 12.8241717, 77.6865041 12.8226758)"
184,5922720518,5279552070,0,33.98480894207739,tertiary,"LINESTRING (77.6866651 12.8218104, 77.6868743 12.8215828)"
185,5922720518,5922720515,0,44.67849902431608,tertiary,"LINESTRING (77.6866651 12.8218104, 77.6863888 12.8221085)"
186,5922720518,5922720519,0,94.36312582804058,residential,"LINESTRING (77.6866651 12.8218104, 77.6868062 12.8226478)"
187,5922720519,5279552071,0,31.37961933722778,residential,"LINESTRING (77.6868062 12.8226478, 77.687092 12.8226033)"
188,5922720519,5922720516,0,32.90194730702977,residential,"LINESTRING (77.6868062 12.8226478, 77.6865041 12.8226758)"
189,5922720519,5922720518,0,94.36312582804058,residential,"LINESTRING (77.6868062 12.8226478, 77.6866651 12.8218104)"
190,5922720519,5922720520,0,158.47145298436283,residential,"LINESTRING (77.6868062 12.8226478, 77.6870775 12.8240482)"
191,5922720520,1814889221,0,29.852692693104665,residential,"LINESTRING (77.6870775 12.8240482, 77.6869117 12.8241365, 77.6868311 12.8241669)"
192,5922720520,5922720519,0,158.47145298436283,residential,"LINESTRING (77.6870775 12.8240482, 77.6868062 12.8226478)"
193,5922720520,11022242797,0,84.99653640636716,residential,"LINESTRING (77.6870775 12.8240482, 77.6871467 12.8240381, 77.6871699 12.8240575, 77.6871731 12.8241072, 77.6872085 12.8247228)"
194,5922720523,5279552071,0,146.73030844619873,residential,"LINESTRING (77.6873405 12.8239004, 77.6873305 12.8238364, 77.687092 12.8226033)"
195,5922720525,1472212617,0,61.45383953773977,tertiary,"LINESTRING (77.6841035 12.8246009, 77.6837616 12.8250417)"
196,5922720525,5922720526,0,100.21212379856176,residential,"LINESTRING (77.6841035 12.8246009, 77.6850151 12.8247497)"
197,5922720525,11022268660,0,38.210797873875386,tertiary,"LINESTRING (77.6841035 12.8246009, 77.6843378 12.8243442)"
198,5922720526,1814804288,0,45.298254780562225,residential,"LINESTRING (77.6850151 12.8247497, 77.6849949 12.8251566)"
199,5922720526,1814804289,0,146.48431850955308,residential,"LINESTRING (77.6850151 12.8247497, 77.6850667 12.8245073, 77.6850901 12.8244371, 77.6851479 12.8243957, 77.6852282 12.8243968, 77.6853119 12.8244198, 77.6853579 12.8244555, 77.6853564 12.8245462, 77.6853305 12.8251606)"
200,5922720526,5922720525,0,100.21212379856176,residential,"LINESTRING (77.6850151 12.8247497, 77.6841035 12.8246009)"
201,6270845557,9780955124,0,152.10551868920888,residential,"LINESTRING (77.6965034 12.8224302, 77.69719 12.8215096, 77.6972987 12.8213059)"
202,6270845563,7260287924,0,104.03054822939475,residential,"LINESTRING (77.6985311 12.818821, 77.6986463 12.8178922)"
203,6270845563,9780955135,0,100.80129290968374,residential,"LINESTRING (77.6985311 12.818821, 77.6988506 12.818868, 77.6994568 12.818847)"
204,6270845563,11393472900,0,25.771597432542,residential,"LINESTRING (77.6985311 12.818821, 77.6984618 12.8190427)"
205,6270845567,5018297466,0,59.281022439183054,residential,"LINESTRING (77.697929 12.8173786, 77.6979171 12.8168456)"
206,6746053665,1814895796,0,21.384057271556227,tertiary,"LINESTRING (77.6840223 12.8143824, 77.6838752 12.8142543)"
207,6746053665,1814895864,0,60.63179186667519,tertiary,"LINESTRING (77.6840223 12.8143824, 77.6840976 12.8144428, 77.6841855 12.814513, 77.6844545 12.8147284)"
208,6746053665,9933396070,0,512.7754394871242,unclassified,"LINESTRING (77.6840223 12.8143824, 77.6825076 12.8160278, 77.682277 12.8163155, 77.6817083 12.8171001, 77.6811063 12.8180001)"
209,6749327457,11929997701,0,10.843781042411399,tertiary,"LINESTRING (77.6887541 12.8187741, 77.6887643 12.8187738, 77.6888027 12.8187677, 77.6888526 12.8187579)"
210,6749327457,14100775651,0,20.81538018678897,tertiary,"LINESTRING (77.6887541 12.8187741, 77.6887986 12.8188209, 77.6889149 12.8188695)"
211,7100739191,1814895842,0,134.27057491611797,tertiary,"LINESTRING (77.6960607 12.8098235, 77.6967528 12.8089837, 77.6968344 12.8088807)"
212,7100739191,7100739193,0,126.73567216201303,tertiary,"LINESTRING (77.6960607 12.8098235, 77.6958421 12.8100922, 77.6957571 12.8102015, 77.6953484 12.8107271)"
213,7100739193,7100739208,0,536.7681731169491,tertiary,"LINESTRING (77.6953484 12.8107271, 77.6928701 12.8138552, 77.6923174 12.8145438)"
214,7100739193,11903070947,0,13.193626784535159,trunk_link,"LINESTRING (77.6953484 12.8107271, 77.6954421 12.8108028)"
215,7100739208,1814895859,0,40.58760818410085,residential,"LINESTRING (77.6923174 12.8145438, 77.6919701 12.8144076)"
216,7100739208,7100739209,0,86.65535621666542,tertiary,"LINESTRING (77.6923174 12.8145438, 77.6921953 12.814696, 77.6918243 12.8151571)"
217,7100739209,1814895787,0,30.121237569723437,tertiary,"LINESTRING (77.6918243 12.8151571, 77.6915609 12.815071)"
218,7100739209,5018297478,0,62.47355449045983,tertiary,"LINESTRING (77.6918243 12.8151571, 77.6914877 12.8156131)"
219,7146686143,7146686153,0,745.4661516101435,residential,"LINESTRING (77.6871362 12.8081024, 77.6870017 12.8082365, 77.6867166 12.8085317, 77.6865256 12.8087295, 77.6864027 12.8088703, 77.6863503 12.8089304, 77.6861273 12.8091859, 77.6856753 12.8096397, 77.6851697 12.8101797, 77.6848864 12.8104783, 77.684522 12.8108624, 77.6844534 12.8109361, 77.6840392 12.8113815, 77.6833995 12.8120472, 77.682867 12.8126199, 77.6824649 12.8130199)"
220,7146686153,1814895867,0,189.73191275596548,tertiary,"LINESTRING (77.6824649 12.8130199, 77.682145 12.812708, 77.6812116 12.8118292)"
221,7146686153,1827518583,0,7.2124106078918615,tertiary,"LINESTRING (77.6824649 12.8130199, 77.6825119 12.8130658)"
222,7146686153,7146686143,0,745.4661516101436,residential,"LINESTRING (77.6824649 12.8130199, 77.682867 12.8126199, 77.6833995 12.8120472, 77.6840392 12.8113815, 77.6844534 12.8109361, 77.684522 12.8108624, 77.6848864 12.8104783, 77.6851697 12.8101797, 77.6856753 12.8096397, 77.6861273 12.8091859, 77.6863503 12.8089304, 77.6864027 12.8088703, 77.6865256 12.8087295, 77.6867166 12.8085317, 77.6870017 12.8082365, 77.6871362 12.8081024)"
223,7147141392,7147141395,0,37.73059422975328,residential,"LINESTRING (77.6893036 12.8155385, 77.6896083 12.8157024)"
224,7147141392,9780799613,0,37.959640925957345,residential,"LINESTRING (77.6893036 12.8155385, 77.6891649 12.8154591, 77.6889968 12.8153743)"
225,7147141392,9780811220,0,109.9364261412437,residential,"LINESTRING (77.6893036 12.8155385, 77.68983 12.8146935)"
226,7147141393,1814895815,0,78.25308485285726,residential,"LINESTRING (77.6901325 12.8148123, 77.6907495 12.8151774)"
227,7147141393,1814895865,0,40.87165623693633,residential,"LINESTRING (77.6901325 12.8148123, 77.6898157 12.8146131)"
228,7147141393,7147141395,0,114.147874363168,residential,"LINESTRING (77.6901325 12.8148123, 77.6897281 12.8155126, 77.6896083 12.8157024)"
229,7147141395,7147141392,0,37.73059422975328,residential,"LINESTRING (77.6896083 12.8157024, 77.6893036 12.8155385)"
230,7147141395,7147141393,0,114.147874363168,residential,"LINESTRING (77.6896083 12.8157024, 77.6897281 12.8155126, 77.6901325 12.8148123)"
231,7147141395,9780811235,0,37.391221323156905,residential,"LINESTRING (77.6896083 12.8157024, 77.6899105 12.8158644)"
232,7147141395,11010072955,0,140.90082009843465,residential,"LINESTRING (77.6896083 12.8157024, 77.6893383 12.8168451, 77.689325 12.8168986, 77.6893586 12.8169206)"
233,7207534767,7260445518,0,194.02160624213633,residential,"LINESTRING (77.6985201 12.8092818, 77.6985397 12.808832, 77.6985498 12.8085999, 77.6985526 12.8085346, 77.6985338 12.8082182, 77.6985025 12.8079542, 77.6984815 12.8078781, 77.6984467 12.8078193, 77.6983675 12.8077971, 77.6981804 12.8077549)"
234,7207534767,7260445534,0,360.8269718519734,residential,"LINESTRING (77.6985201 12.8092818, 77.6984959 12.8096013, 77.698482 12.8098069, 77.6984547 12.8102112, 77.6984259 12.8106391, 77.6984069 12.8109205, 77.6983972 12.8110893, 77.6983793 12.8114022, 77.6983595 12.811749, 77.69834 12.8120788, 77.698317 12.8124685, 77.6983139 12.8125205)"
235,7207534767,9780835286,0,249.32020078739947,residential,"LINESTRING (77.6985201 12.8092818, 77.7003969 12.8093692, 77.700815 12.8094127)"
236,7207653988,1814804293,0,21.334921890848733,residential,"LINESTRING (77.6841196 12.8263098, 77.6840738 12.8261232)"
237,7207653988,7207653989,0,89.29926931061003,residential,"LINESTRING (77.6841196 12.8263098, 77.6849396 12.8262344)"
238,7207653989,7207653988,0,89.29926931061003,residential,"LINESTRING (77.6849396 12.8262344, 77.6841196 12.8263098)"
239,7260287924,6270845563,0,104.03054822939475,residential,"LINESTRING (77.6986463 12.8178922, 77.6985311 12.818821)"
240,7260287924,10593671378,0,99.45086528281989,residential,"LINESTRING (77.6986463 12.8178922, 77.6986866 12.8178481, 77.6988557 12.8176259, 77.6989737 12.8173643, 77.6989781 12.8170915)"
241,7260287924,10593671379,0,7.863296088995841,residential,"LINESTRING (77.6986463 12.8178922, 77.6985738 12.817894)"
242,7260287929,7260287937,0,48.6507492019249,residential,"LINESTRING (77.6973228 12.8180697, 77.6973107 12.8180024, 77.6972676 12.8176356)"
243,7260287929,9780955124,0,444.4496040239677,residential,"LINESTRING (77.6973228 12.8180697, 77.6973684 12.8182509, 77.6973858 12.818345, 77.6973939 12.8184601, 77.697402 12.8186144, 77.6973671 12.8189793, 77.6973366 12.819195, 77.6973308 12.8192364, 77.6972832 12.8195034, 77.6972221 12.81994, 77.6971792 12.8200241, 77.6970826 12.8201497, 77.6966641 12.8205525, 77.6965675 12.8207618, 77.6965115 12.8208949, 77.6965205 12.8209295, 77.6965358 12.8209612, 77.6965773 12.8209857, 77.6968482 12.8210174, 77.6969078 12.8210557, 77.6972987 12.8213059)"
244,7260287929,10593671379,0,143.19662620145667,residential,"LINESTRING (77.6973228 12.8180697, 77.6980175 12.8181123, 77.698338 12.8179043, 77.6984131 12.8178821, 77.6985738 12.817894)"
245,7260287937,7260287929,0,48.6507492019249,residential,"LINESTRING (77.6972676 12.8176356, 77.6973107 12.8180024, 77.6973228 12.8180697)"
246,7260287937,7260287938,0,178.959194652716,residential,"LINESTRING (77.6972676 12.8176356, 77.6966738 12.8177244, 77.6956432 12.8179193)"
247,7260287937,10272970004,0,11.371114942486823,residential,"LINESTRING (77.6972676 12.8176356, 77.6973026 12.8175392)"
248,7260287938,7260287937,0,178.959194652716,residential,"LINESTRING (77.6956432 12.8179193, 77.6966738 12.8177244, 77.6972676 12.8176356)"
249,7260287938,9489141804,0,454.2747948430673,residential,"LINESTRING (77.6956432 12.8179193, 77.6915243 12.8186677)"
250,7260287938,11009962479,0,445.70639589326595,residential,"LINESTRING (77.6956432 12.8179193, 77.6956628 12.8182065, 77.6956946 12.8185105, 77.6956973 12.8185364, 77.6957539 12.8190794, 77.695843 12.8198335, 77.69532 12.819878, 77.6951192 12.8199034, 77.6950335 12.8199143, 77.6940572 12.819998, 77.6937155 12.8200304)"
251,7260445507,11393427598,0,36.40583103899003,residential,"LINESTRING (77.6976484 12.8132051, 77.697984 12.8131948)"
252,7260445507,11393427602,0,32.54759746497607,residential,"LINESTRING (77.6976484 12.8132051, 77.6976505 12.8129124)"
253,7260445507,11393427603,0,40.25942594552038,residential,"LINESTRING (77.6976484 12.8132051, 77.6972773 12.8132172)"
254,7260445507,11393427605,0,31.9267672279154,residential,"LINESTRING (77.6976484 12.8132051, 77.6976446 12.8134922)"
255,7260445517,7260445518,0,703.4988561907303,tertiary,"LINESTRING (77.6941965 12.812748, 77.6943616 12.8125258, 77.69439 12.8124903, 77.6948357 12.811933, 77.6949589 12.8117838, 77.6954023 12.8112469, 77.6957971 12.8107464, 77.6958965 12.8106204, 77.6960515 12.8104204, 77.6961371 12.81031, 77.6962305 12.8101895, 77.6966724 12.8096409, 77.6967127 12.8095912, 77.6971826 12.809012, 77.6977077 12.8083541, 77.6978316 12.8081971, 77.6981804 12.8077549)"
256,7260445517,11393427609,0,411.50743041604966,residential,"LINESTRING (77.6941965 12.812748, 77.6948793 12.813232, 77.6962379 12.81415, 77.6963042 12.8142003, 77.6963391 12.8142925, 77.69637 12.8143307, 77.6971076 12.8148154, 77.6972811 12.8148292)"
257,7260445517,12836773106,0,189.0504867845126,tertiary,"LINESTRING (77.6941965 12.812748, 77.6935128 12.813702, 77.6932976 12.8139746, 77.6931772 12.8141269)"
258,7260445518,7207534767,0,194.02160624213633,residential,"LINESTRING (77.6981804 12.8077549, 77.6983675 12.8077971, 77.6984467 12.8078193, 77.6984815 12.8078781, 77.6985025 12.8079542, 77.6985338 12.8082182, 77.6985526 12.8085346, 77.6985498 12.8085999, 77.6985397 12.808832, 77.6985201 12.8092818)"
259,7260445518,7260445517,0,703.4988561907303,tertiary,"LINESTRING (77.6981804 12.8077549, 77.6978316 12.8081971, 77.6977077 12.8083541, 77.6971826 12.809012, 77.6967127 12.8095912, 77.6966724 12.8096409, 77.6962305 12.8101895, 77.6961371 12.81031, 77.6960515 12.8104204, 77.6958965 12.8106204, 77.6957971 12.8107464, 77.6954023 12.8112469, 77.6949589 12.8117838, 77.6948357 12.811933, 77.69439 12.8124903, 77.6943616 12.8125258, 77.6941965 12.812748)"
260,7260445518,7263230562,0,11.264401949314214,residential,"LINESTRING (77.6981804 12.8077549, 77.6980904 12.8077043)"
261,7260445534,7207534767,0,360.8269718519734,residential,"LINESTRING (77.6983139 12.8125205, 77.698317 12.8124685, 77.69834 12.8120788, 77.6983595 12.811749, 77.6983793 12.8114022, 77.6983972 12.8110893, 77.6984069 12.8109205, 77.6984259 12.8106391, 77.6984547 12.8102112, 77.698482 12.8098069, 77.6984959 12.8096013, 77.6985201 12.8092818)"
262,7260445534,9903259286,0,298.46282309665554,residential,"LINESTRING (77.6983139 12.8125205, 77.6983029 12.8131896, 77.6983026 12.8132085, 77.6983024 12.8132228, 77.6983005 12.8133366, 77.6983327 12.8138203, 77.6983247 12.8142284, 77.6983335 12.8143833, 77.6983461 12.814605, 77.6983776 12.8148094, 77.6983997 12.8149529, 77.6984869 12.8151838)"
263,7260445534,11393427256,0,185.0389235037439,residential,"LINESTRING (77.6983139 12.8125205, 77.6993872 12.8125023, 77.6999922 12.8125425, 77.7000185 12.8125379)"
264,7263230562,7260445518,0,11.264401949314214,residential,"LINESTRING (77.6980904 12.8077043, 77.6981804 12.8077549)"
265,7826024957,2415950469,0,99.70137707761717,residential,"LINESTRING (77.6865513 12.812396, 77.6859808 12.8130992)"
266,7826024957,7826024958,0,84.03810515081022,residential,"LINESTRING (77.6865513 12.812396, 77.6859522 12.8119165)"
267,7826024957,7826024962,0,48.4790933945612,residential,"LINESTRING (77.6865513 12.812396, 77.6869026 12.8126657)"
268,7826024958,2415950467,0,99.66220547655448,residential,"LINESTRING (77.6859522 12.8119165, 77.685786 12.8121042, 77.6853515 12.8125949)"
269,7826024958,7826024957,0,84.03810515081022,residential,"LINESTRING (77.6859522 12.8119165, 77.6865513 12.812396)"
270,7826024958,7826025063,0,98.53772300216174,residential,"LINESTRING (77.6859522 12.8119165, 77.6861894 12.8118191, 77.686617 12.8113399)"
271,7826024961,1814895855,0,46.06736989083911,residential,"LINESTRING (77.6862988 12.8133644, 77.6866191 12.8136366)"
272,7826024961,7826024962,0,101.59760712337636,residential,"LINESTRING (77.6862988 12.8133644, 77.6869026 12.8126657)"
273,7826024961,9780799606,0,9.016458094729817,residential,"LINESTRING (77.6862988 12.8133644, 77.6862356 12.8133117)"
274,7826024962,1814895872,0,47.06583244370987,residential,"LINESTRING (77.6869026 12.8126657, 77.6872486 12.8129213)"
275,7826024962,7826024957,0,48.4790933945612,residential,"LINESTRING (77.6869026 12.8126657, 77.6865513 12.812396)"
276,7826024962,7826024961,0,101.59760712337636,residential,"LINESTRING (77.6869026 12.8126657, 77.6862988 12.8133644)"
277,7826024963,1814895801,0,7.965121154263412,tertiary,"LINESTRING (77.6850883 12.8153042, 77.6851414 12.8153537)"
278,7826024963,1814895864,0,93.93548742759715,tertiary,"LINESTRING (77.6850883 12.8153042, 77.6848885 12.8151309, 77.6844545 12.8147284)"
279,7826024963,2415950479,0,218.22378020333826,residential,"LINESTRING (77.6850883 12.8153042, 77.6849215 12.8154569, 77.6845225 12.8158222, 77.6842091 12.8161379, 77.6836625 12.8166886)"
280,7826024972,1814895864,0,145.31607127126898,residential,"LINESTRING (77.6853437 12.8137506, 77.6844545 12.8147284)"
281,7826024972,9780799608,0,44.513867854753414,residential,"LINESTRING (77.6853437 12.8137506, 77.6853611 12.8138095, 77.6856347 12.8140187)"
282,7826024972,9780799610,0,24.958293111087418,residential,"LINESTRING (77.6853437 12.8137506, 77.6851646 12.8136096)"
283,7826024973,1814895796,0,145.44802720249575,residential,"LINESTRING (77.6847542 12.8132662, 77.6838752 12.8142543)"
284,7826024973,2415950467,0,98.82388871480147,residential,"LINESTRING (77.6847542 12.8132662, 77.6853515 12.8125949)"
285,7826024973,9780799610,0,58.63551568056154,residential,"LINESTRING (77.6847542 12.8132662, 77.6851646 12.8136096)"
286,7826025058,7826025059,0,97.58046973927664,residential,"LINESTRING (77.6872081 12.8106775, 77.686524 12.8101073)"
287,7826025058,7826025060,0,64.43109361885408,residential,"LINESTRING (77.6872081 12.8106775, 77.6875982 12.8102404)"
288,7826025058,7826025063,0,97.63625716475576,residential,"LINESTRING (77.6872081 12.8106775, 77.686617 12.8113399)"
289,7826025059,7826025058,0,97.58046973927664,residential,"LINESTRING (77.686524 12.8101073, 77.6872081 12.8106775)"
290,7826025059,7826025060,0,163.5544344160977,residential,"LINESTRING (77.686524 12.8101073, 77.6869084 12.8096608, 77.6875982 12.8102404)"
291,7826025059,7826025063,0,193.28574250518488,residential,"LINESTRING (77.686524 12.8101073, 77.6859445 12.810755, 77.686617 12.8113399)"
292,7826025060,7826025058,0,64.43109361885408,residential,"LINESTRING (77.6875982 12.8102404, 77.6872081 12.8106775)"
293,7826025060,7826025059,0,163.5544344160977,residential,"LINESTRING (77.6875982 12.8102404, 77.6869084 12.8096608, 77.686524 12.8101073)"
294,7826025063,7826024958,0,98.53772300216174,residential,"LINESTRING (77.686617 12.8113399, 77.6861894 12.8118191, 77.6859522 12.8119165)"
295,7826025063,7826025058,0,97.63625716475576,residential,"LINESTRING (77.686617 12.8113399, 77.6872081 12.8106775)"
296,7826025063,7826025059,0,193.28574250518488,residential,"LINESTRING (77.686617 12.8113399, 77.6859445 12.810755, 77.686524 12.8101073)"
297,9489141803,5395327195,0,17.73105038905134,residential,"LINESTRING (77.6918169 12.8202109, 77.6919796 12.8201948)"
298,9489141803,9489141804,0,174.50424290077714,residential,"LINESTRING (77.6918169 12.8202109, 77.6915243 12.8186677)"
299,9489141803,9992847509,0,154.42796141879055,residential,"LINESTRING (77.6918169 12.8202109, 77.6909333 12.8203482, 77.6908565 12.820354, 77.6904053 12.8203878)"
300,9489141804,7260287938,0,454.2747948430673,residential,"LINESTRING (77.6915243 12.8186677, 77.6956432 12.8179193)"
301,9489141804,9489141803,0,174.50424290077714,residential,"LINESTRING (77.6915243 12.8186677, 77.6918169 12.8202109)"
302,9489141804,10168788327,0,102.30284374455893,residential,"LINESTRING (77.6915243 12.8186677, 77.6905916 12.8188068)"
303,9780799589,5922720507,0,65.1705947503442,tertiary,"LINESTRING (77.6854929 12.8230919, 77.685686 12.8228774, 77.6858845 12.8226473)"
304,9780799589,11022268658,0,92.97217645918738,residential,"LINESTRING (77.6854929 12.8230919, 77.6856082 12.8232878, 77.6856833 12.823675, 77.6857022 12.8238904)"
305,9780799589,11900215340,0,13.464747445315119,tertiary,"LINESTRING (77.6854929 12.8230919, 77.6854077 12.82318)"
306,9780799591,9992868824,0,185.66306081235294,residential,"LINESTRING (77.6937035 12.8227904, 77.6934996 12.8222883, 77.6934433 12.8222177, 77.6933936 12.8222151, 77.693291 12.8222713, 77.6932099 12.8222961, 77.6924562 12.8223903, 77.6924136 12.8223571)"
307,9780799596,9992868822,0,59.96152408719757,residential,"LINESTRING (77.6923321 12.8220964, 77.6923158 12.821828, 77.692265 12.8215622)"
308,9780799596,9992868824,0,30.305423839993082,residential,"LINESTRING (77.6923321 12.8220964, 77.6924136 12.8223571)"
309,9780799596,11307381271,0,90.0190061160082,residential,"LINESTRING (77.6923321 12.8220964, 77.6915255 12.8222883)"
310,9780799602,5018297475,0,351.5182288508666,tertiary,"LINESTRING (77.6926732 12.8147646, 77.6923554 12.8151425, 77.6913538 12.8163954, 77.6912307 12.8165494, 77.6910959 12.8167181, 77.6910716 12.8167484, 77.6907695 12.8171263, 77.690727 12.8171795, 77.6906689 12.8172492)"
311,9780799602,9780835302,0,483.704778797403,residential,"LINESTRING (77.6926732 12.8147646, 77.6946365 12.8160228, 77.6948672 12.8161013, 77.6953125 12.8161013, 77.6962888 12.8160909, 77.6967341 12.8160699)"
312,9780799602,12836773106,0,89.52285477271735,tertiary,"LINESTRING (77.6926732 12.8147646, 77.6931175 12.8142025, 77.6931772 12.8141269)"
313,9780799606,2415950469,0,36.35350718438029,residential,"LINESTRING (77.6862356 12.8133117, 77.6859808 12.8130992)"
314,9780799606,7826024961,0,9.016458094729817,residential,"LINESTRING (77.6862356 12.8133117, 77.6862988 12.8133644)"
315,9780799606,9780799608,0,102.23262676758671,residential,"LINESTRING (77.6862356 12.8133117, 77.685683 12.8139403, 77.6856347 12.8140187)"
316,9780799608,7826024972,0,44.513867854753414,residential,"LINESTRING (77.6856347 12.8140187, 77.6853611 12.8138095, 77.6853437 12.8137506)"
317,9780799608,9780799606,0,102.23262676758671,residential,"LINESTRING (77.6856347 12.8140187, 77.685683 12.8139403, 77.6862356 12.8133117)"
318,9780799608,9780799612,0,53.38721776518937,residential,"LINESTRING (77.6856347 12.8140187, 77.6860026 12.8143378)"
319,9780799610,7826024972,0,24.958293111087418,residential,"LINESTRING (77.6851646 12.8136096, 77.6853437 12.8137506)"
320,9780799610,7826024973,0,58.63551568056154,residential,"LINESTRING (77.6851646 12.8136096, 77.6847542 12.8132662)"
321,9780799610,9780799611,0,100.04439126084135,residential,"LINESTRING (77.6851646 12.8136096, 77.6857598 12.8129221)"
322,9780799611,2415950467,0,57.30269959037122,residential,"LINESTRING (77.6857598 12.8129221, 77.6853515 12.8125949)"
323,9780799611,2415950469,0,31.015918151823488,residential,"LINESTRING (77.6857598 12.8129221, 77.6859808 12.8130992)"
324,9780799611,9780799610,0,100.04439126084135,residential,"LINESTRING (77.6857598 12.8129221, 77.6851646 12.8136096)"
325,9780799612,1814895801,0,146.5653234319347,residential,"LINESTRING (77.6860026 12.8143378, 77.6853297 12.815124, 77.6851414 12.8153537)"
326,9780799612,1814895855,0,102.71527394555302,residential,"LINESTRING (77.6860026 12.8143378, 77.6863722 12.8139059, 77.6866191 12.8136366)"
327,9780799612,9780799608,0,53.38721776518937,residential,"LINESTRING (77.6860026 12.8143378, 77.6856347 12.8140187)"
328,9780799613,7147141392,0,37.959640925957345,residential,"LINESTRING (77.6889968 12.8153743, 77.6891649 12.8154591, 77.6893036 12.8155385)"
329,9780799613,9780811222,0,118.629327130647,residential,"LINESTRING (77.6889968 12.8153743, 77.6895618 12.8144607)"
330,9780799613,11303813683,0,21.14381274361414,residential,"LINESTRING (77.6889968 12.8153743, 77.6888234 12.8152873)"
331,9780799614,9780811223,0,113.87404883430614,residential,"LINESTRING (77.6886954 12.8151433, 77.6892506 12.814274)"
332,9780811220,7147141392,0,109.9364261412437,residential,"LINESTRING (77.68983 12.8146935, 77.6893036 12.8155385)"
333,9780811222,1814895865,0,32.326938295307144,residential,"LINESTRING (77.6895618 12.8144607, 77.6898157 12.8146131)"
334,9780811222,9780799613,0,118.629327130647,residential,"LINESTRING (77.6895618 12.8144607, 77.6889968 12.8153743)"
335,9780811222,9780811223,0,39.617030252578985,residential,"LINESTRING (77.6895618 12.8144607, 77.6892506 12.814274)"
336,9780811223,1814895831,0,42.17827189533978,residential,"LINESTRING (77.6892506 12.814274, 77.6889193 12.8140752)"
337,9780811223,9780799614,0,113.87404883430614,residential,"LINESTRING (77.6892506 12.814274, 77.6886954 12.8151433)"
338,9780811223,9780811222,0,39.617030252578985,residential,"LINESTRING (77.6892506 12.814274, 77.6895618 12.8144607)"
339,9780811233,9780811235,0,108.91937697323496,residential,"LINESTRING (77.6896263 12.8168028, 77.6898193 12.8160953, 77.6899105 12.8158644)"
340,9780811233,11010072955,0,35.55081671565296,residential,"LINESTRING (77.6896263 12.8168028, 77.6895697 12.8168996, 77.6895197 12.8169149, 77.6893586 12.8169206)"
341,9780811233,11929997695,0,68.11408673281787,residential,"LINESTRING (77.6896263 12.8168028, 77.6897816 12.8168495, 77.6898193 12.8168669, 77.6898655 12.8168946, 77.6899158 12.8169319, 77.6901681 12.8171017)"
342,9780811235,7147141395,0,37.391221323156905,residential,"LINESTRING (77.6899105 12.8158644, 77.6896083 12.8157024)"
343,9780811235,9780811233,0,108.91937697323496,residential,"LINESTRING (77.6899105 12.8158644, 77.6898193 12.8160953, 77.6896263 12.8168028)"
344,9780811235,11010072963,0,43.54005636350378,residential,"LINESTRING (77.6899105 12.8158644, 77.6902163 12.8160331, 77.6902599 12.8160574)"
345,9780835283,9780835286,0,126.18097873374387,residential,"LINESTRING (77.700904 12.8104349, 77.7007787 12.8103944, 77.7007251 12.8103369, 77.700733 12.810256, 77.700815 12.8094127)"
346,9780835283,11012007914,0,77.74581491825137,residential,"LINESTRING (77.700904 12.8104349, 77.701283 12.8104781, 77.7016143 12.8105294)"
347,9780835283,11175920777,0,55.79434991157866,residential,"LINESTRING (77.700904 12.8104349, 77.7007932 12.8109249)"
348,9780835286,7207534767,0,249.32020078739947,residential,"LINESTRING (77.700815 12.8094127, 77.7003969 12.8093692, 77.6985201 12.8092818)"
349,9780835286,9780835283,0,126.18097873374386,residential,"LINESTRING (77.700815 12.8094127, 77.700733 12.810256, 77.7007251 12.8103369, 77.7007787 12.8103944, 77.700904 12.8104349)"
350,9780835286,9780835287,0,59.0074157422475,residential,"LINESTRING (77.700815 12.8094127, 77.7007948 12.8088824)"
351,9780835286,11012007914,0,261.87527778000134,residential,"LINESTRING (77.700815 12.8094127, 77.7020765 12.8095441, 77.7019811 12.8096205, 77.7018637 12.8099633, 77.7016676 12.8102076, 77.7016143 12.8105294)"
352,9780835287,9780835286,0,59.0074157422475,residential,"LINESTRING (77.7007948 12.8088824, 77.700815 12.8094127)"
353,9780835291,11393427257,0,44.75950393370545,residential,"LINESTRING (77.7009569 12.8124792, 77.7005446 12.8124992)"
354,9780835297,9780835299,0,44.78795388776433,residential,"LINESTRING (77.6975172 12.8156645, 77.6971042 12.8156723)"
355,9780835297,9780835300,0,35.7718595847667,residential,"LINESTRING (77.6975172 12.8156645, 77.6975763 12.815348)"
356,9780835297,9903259292,0,13.466252812325818,residential,"LINESTRING (77.6975172 12.8156645, 77.6975183 12.8157856)"
357,9780835299,9780835297,0,44.78795388776433,residential,"LINESTRING (77.6971042 12.8156723, 77.6975172 12.8156645)"
358,9780835300,9780835297,0,35.7718595847667,residential,"LINESTRING (77.6975763 12.815348, 77.6975172 12.8156645)"
359,9780835302,9780799602,0,483.70477879740304,residential,"LINESTRING (77.6967341 12.8160699, 77.6962888 12.8160909, 77.6953125 12.8161013, 77.6948672 12.8161013, 77.6946365 12.8160228, 77.6926732 12.8147646)"
360,9780835308,5018297467,0,156.29231211485785,tertiary,"LINESTRING (77.7004015 12.8171178, 77.7001683 12.8170592, 77.6999735 12.8170202, 77.6992124 12.8170008, 77.698972 12.8169964)"
361,9780835308,11393442433,0,26.87150846589364,residential,"LINESTRING (77.7004015 12.8171178, 77.7004168 12.8168766)"
362,9780955124,6270845557,0,152.10551868920888,residential,"LINESTRING (77.6972987 12.8213059, 77.69719 12.8215096, 77.6965034 12.8224302)"
363,9780955124,7260287929,0,444.4496040239677,residential,"LINESTRING (77.6972987 12.8213059, 77.6969078 12.8210557, 77.6968482 12.8210174, 77.6965773 12.8209857, 77.6965358 12.8209612, 77.6965205 12.8209295, 77.6965115 12.8208949, 77.6965675 12.8207618, 77.6966641 12.8205525, 77.6970826 12.8201497, 77.6971792 12.8200241, 77.6972221 12.81994, 77.6972832 12.8195034, 77.6973308 12.8192364, 77.6973366 12.819195, 77.6973671 12.8189793, 77.697402 12.8186144, 77.6973939 12.8184601, 77.6973858 12.818345, 77.6973684 12.8182509, 77.6973228 12.8180697)"
364,9780955124,11393472894,0,176.90056376805245,residential,"LINESTRING (77.6972987 12.8213059, 77.6974663 12.8209918, 77.6976541 12.8207512, 77.6979303 12.8201889, 77.6980637 12.8199064)"
365,9780955135,6270845563,0,100.80129290968374,residential,"LINESTRING (77.6994568 12.818847, 77.6988506 12.818868, 77.6985311 12.818821)"
366,9903259286,7260445534,0,298.4628230966555,residential,"LINESTRING (77.6984869 12.8151838, 77.6983997 12.8149529, 77.6983776 12.8148094, 77.6983461 12.814605, 77.6983335 12.8143833, 77.6983247 12.8142284, 77.6983327 12.8138203, 77.6983005 12.8133366, 77.6983024 12.8132228, 77.6983026 12.8132085, 77.6983029 12.8131896, 77.6983139 12.8125205)"
367,9903259286,9903259287,0,39.6236752636714,residential,"LINESTRING (77.6984869 12.8151838, 77.6981216 12.8151737)"
368,9903259286,9903259298,0,58.57537131261669,residential,"LINESTRING (77.6984869 12.8151838, 77.6985875 12.8154629, 77.6986887 12.8156717)"
369,9903259287,9903259286,0,39.6236752636714,residential,"LINESTRING (77.6981216 12.8151737, 77.6984869 12.8151838)"
370,9903259287,9903259289,0,31.57241496027255,residential,"LINESTRING (77.6981216 12.8151737, 77.6978308 12.815159)"
371,9903259287,9903259296,0,72.22975922112504,residential,"LINESTRING (77.6981216 12.8151737, 77.6981195 12.8152275, 77.6981124 12.8153978, 77.6981173 12.8154779, 77.6981376 12.8155167, 77.69824 12.815621, 77.6982974 12.8157678)"
372,9903259289,9903259287,0,31.57241496027255,residential,"LINESTRING (77.6978308 12.815159, 77.6981216 12.8151737)"
373,9903259292,5018297473,0,104.96332399076684,residential,"LINESTRING (77.6975183 12.8157856, 77.6975073 12.8164502, 77.6974636 12.8167262)"
374,9903259292,9780835297,0,13.466252812325818,residential,"LINESTRING (77.6975183 12.8157856, 77.6975172 12.8156645)"
375,9903259292,9903259296,0,89.27728231397737,residential,"LINESTRING (77.6975183 12.8157856, 77.6979637 12.815817, 77.6979884 12.8157974, 77.6980027 12.815755, 77.6980372 12.8157406, 77.6982974 12.8157678)"
376,9903259296,9903259287,0,72.22975922112504,residential,"LINESTRING (77.6982974 12.8157678, 77.69824 12.815621, 77.6981376 12.8155167, 77.6981173 12.8154779, 77.6981124 12.8153978, 77.6981195 12.8152275, 77.6981216 12.8151737)"
377,9903259296,9903259292,0,89.27728231397737,residential,"LINESTRING (77.6982974 12.8157678, 77.6980372 12.8157406, 77.6980027 12.815755, 77.6979884 12.8157974, 77.6979637 12.815817, 77.6975183 12.8157856)"
378,9903259296,9903259298,0,43.99783306678021,residential,"LINESTRING (77.6982974 12.8157678, 77.6983755 12.815731, 77.6986887 12.8156717)"
379,9903259298,9903259286,0,58.57537131261669,residential,"LINESTRING (77.6986887 12.8156717, 77.6985875 12.8154629, 77.6984869 12.8151838)"
380,9903259298,9903259296,0,43.99783306678021,residential,"LINESTRING (77.6986887 12.8156717, 77.6983755 12.815731, 77.6982974 12.8157678)"
381,9903259298,13128325125,0,33.77276941012589,residential,"LINESTRING (77.6986887 12.8156717, 77.6988218 12.8159463)"
382,9933396070,6746053665,0,512.7754394871243,unclassified,"LINESTRING (77.6811063 12.8180001, 77.6817083 12.8171001, 77.682277 12.8163155, 77.6825076 12.8160278, 77.6840223 12.8143824)"
383,9933396070,9933396071,0,301.03304338106136,secondary,"LINESTRING (77.6811063 12.8180001, 77.6802015 12.8178063, 77.6797723 12.8177144, 77.6783926 12.8174279)"
384,9933396070,9942406039,0,108.28922733925671,secondary,"LINESTRING (77.6811063 12.8180001, 77.6813403 12.8180367, 77.6820916 12.8181594)"
385,9933396071,1827518583,0,659.4079288526068,residential,"LINESTRING (77.6783926 12.8174279, 77.6784629 12.8173561, 77.6796708 12.8161232, 77.6809313 12.8147566, 77.6825119 12.8130658)"
386,9933396071,9933396070,0,301.03304338106136,secondary,"LINESTRING (77.6783926 12.8174279, 77.6797723 12.8177144, 77.6802015 12.8178063, 77.6811063 12.8180001)"
387,9942406039,1964047103,0,604.1096689968256,secondary,"LINESTRING (77.6820916 12.8181594, 77.6824406 12.8182164, 77.6827484 12.8182799, 77.6829047 12.8183271, 77.6832721 12.8184601, 77.6835856 12.8186005, 77.6843456 12.8190728, 77.6847952 12.8193859, 77.6867533 12.8208853, 77.6867971 12.8209243)"
388,9942406039,9933396070,0,108.28922733925671,secondary,"LINESTRING (77.6820916 12.8181594, 77.6813403 12.8180367, 77.6811063 12.8180001)"
389,9992847509,9489141803,0,154.42796141879055,residential,"LINESTRING (77.6904053 12.8203878, 77.6908565 12.820354, 77.6909333 12.8203482, 77.6918169 12.8202109)"
390,9992847509,9992847510,0,78.72613140617896,residential,"LINESTRING (77.6904053 12.8203878, 77.690551 12.8210814)"
391,9992847509,11009893414,0,221.98267537944318,residential,"LINESTRING (77.6904053 12.8203878, 77.6902359 12.8204005, 77.6897639 12.820458, 77.689358 12.8204922, 77.6883673 12.8205757)"
392,9992847510,9992847509,0,78.72613140617896,residential,"LINESTRING (77.690551 12.8210814, 77.6904053 12.8203878)"
393,9992847513,9992847514,0,141.98972995376224,residential,"LINESTRING (77.6908528 12.8212189, 77.6921341 12.8209549)"
394,9992847514,5395327195,0,86.16341315573436,residential,"LINESTRING (77.6921341 12.8209549, 77.6919796 12.8201948)"
395,9992847514,9992847513,0,141.98972995376224,residential,"LINESTRING (77.6921341 12.8209549, 77.6908528 12.8212189)"
396,9992847514,9992868820,0,25.39293010697101,residential,"LINESTRING (77.6921341 12.8209549, 77.6921919 12.8211762)"
397,9992847516,9992868820,0,167.6240518580081,residential,"LINESTRING (77.6906744 12.8214606, 77.6910446 12.8214083, 77.6912565 12.8213743, 77.6915032 12.821322, 77.6921919 12.8211762)"
398,9992868820,9992847514,0,25.39293010697101,residential,"LINESTRING (77.6921919 12.8211762, 77.6921341 12.8209549)"
399,9992868820,9992847516,0,167.62405185800813,residential,"LINESTRING (77.6921919 12.8211762, 77.6915032 12.821322, 77.6912565 12.8213743, 77.6910446 12.8214083, 77.6906744 12.8214606)"
400,9992868820,9992868822,0,43.82865978641203,residential,"LINESTRING (77.6921919 12.8211762, 77.6922246 12.8212707, 77.6922482 12.8213939, 77.692265 12.8215622)"
401,9992868821,9992868822,0,103.48996629209181,residential,"LINESTRING (77.6913208 12.8216986, 77.692265 12.8215622)"
402,9992868822,9780799596,0,59.96152408719757,residential,"LINESTRING (77.692265 12.8215622, 77.6923158 12.821828, 77.6923321 12.8220964)"
403,9992868822,9992868820,0,43.82865978641203,residential,"LINESTRING (77.692265 12.8215622, 77.6922482 12.8213939, 77.6922246 12.8212707, 77.6921919 12.8211762)"
404,9992868822,9992868821,0,103.48996629209181,residential,"LINESTRING (77.692265 12.8215622, 77.6913208 12.8216986)"
405,9992868823,9992868824,0,99.55148639653511,residential,"LINESTRING (77.6915336 12.8226126, 77.6924136 12.8223571)"
406,9992868824,9780799591,0,185.6630608123529,residential,"LINESTRING (77.6924136 12.8223571, 77.6924562 12.8223903, 77.6932099 12.8222961, 77.693291 12.8222713, 77.6933936 12.8222151, 77.6934433 12.8222177, 77.6934996 12.8222883, 77.6937035 12.8227904)"
407,9992868824,9780799596,0,30.305423839993082,residential,"LINESTRING (77.6924136 12.8223571, 77.6923321 12.8220964)"
408,9992868824,9992868823,0,99.55148639653511,residential,"LINESTRING (77.6924136 12.8223571, 77.6915336 12.8226126)"
409,10001212631,1724068162,0,19.959792300485432,tertiary,"LINESTRING (77.6840293 12.824231, 77.68385 12.8241903)"
410,10168788327,9489141804,0,102.30284374455893,residential,"LINESTRING (77.6905916 12.8188068, 77.6915243 12.8186677)"
411,10168788327,10168788332,0,184.59431264382616,residential,"LINESTRING (77.6905916 12.8188068, 77.6904823 12.8178908, 77.6904823 12.8176845, 77.6905985 12.8175188, 77.6907505 12.8173387, 77.6907588 12.8172414)"
412,10168788327,11929990232,0,117.79718549511061,residential,"LINESTRING (77.6905916 12.8188068, 77.6895148 12.8189477)"
413,10168788332,5018297473,0,731.6045521595715,tertiary,"LINESTRING (77.6907588 12.8172414, 77.6908411 12.8172343, 77.6918438 12.8171473, 77.6922146 12.8171151, 77.6931678 12.817033, 77.6962335 12.8166433, 77.6966777 12.8166437, 77.6970865 12.8166537, 77.6974636 12.8167262)"
414,10168788332,5018297475,0,9.785864210321574,tertiary,"LINESTRING (77.6907588 12.8172414, 77.6906689 12.8172492)"
415,10168788332,10168788327,0,184.59431264382613,residential,"LINESTRING (77.6907588 12.8172414, 77.6907505 12.8173387, 77.6905985 12.8175188, 77.6904823 12.8176845, 77.6904823 12.8178908, 77.6905916 12.8188068)"
416,10272970002,10272970004,0,66.70847963553805,residential,"LINESTRING (77.6976071 12.8170558, 77.6975388 12.8172641, 77.6973442 12.8173927, 77.6973026 12.8175392)"
417,10272970004,7260287937,0,11.371114942486823,residential,"LINESTRING (77.6973026 12.8175392, 77.6972676 12.8176356)"
418,10272970004,10272970002,0,66.70847963553805,residential,"LINESTRING (77.6973026 12.8175392, 77.6973442 12.8173927, 77.6975388 12.8172641, 77.6976071 12.8170558)"
419,10272970004,11430476531,0,38.11568685995293,residential,"LINESTRING (77.6973026 12.8175392, 77.6976541 12.8175339)"
420,10293606377,10293606378,0,44.01033093806833,residential,"LINESTRING (77.7004294 12.8165937, 77.7008341 12.8166242)"
421,10293606377,10293606379,0,30.784068049499194,residential,"LINESTRING (77.7004294 12.8165937, 77.7004414 12.8163171)"
422,10293606377,11393442433,0,31.48674048271243,residential,"LINESTRING (77.7004294 12.8165937, 77.7004168 12.8168766)"
423,10293606378,10293606377,0,44.01033093806833,residential,"LINESTRING (77.7008341 12.8166242, 77.7004294 12.8165937)"
424,10293606379,10293606377,0,30.784068049499194,residential,"LINESTRING (77.7004414 12.8163171, 77.7004294 12.8165937)"
425,10593671373,10593671378,0,98.19880841812244,living_street,"LINESTRING (77.6982099 12.8173409, 77.6982176 12.8172901, 77.6982309 12.817212, 77.6983488 12.8171407, 77.6985097 12.8171078, 77.6989781 12.8170915)"
426,10593671378,5018297467,0,10.595315500154927,residential,"LINESTRING (77.6989781 12.8170915, 77.698972 12.8169964)"
427,10593671378,7260287924,0,99.45086528281989,residential,"LINESTRING (77.6989781 12.8170915, 77.6989737 12.8173643, 77.6988557 12.8176259, 77.6986866 12.8178481, 77.6986463 12.8178922)"
428,10593671378,10593671373,0,98.19880841812245,living_street,"LINESTRING (77.6989781 12.8170915, 77.6985097 12.8171078, 77.6983488 12.8171407, 77.6982309 12.817212, 77.6982176 12.8172901, 77.6982099 12.8173409)"
429,10593671379,7260287924,0,7.863296088995841,residential,"LINESTRING (77.6985738 12.817894, 77.6986463 12.8178922)"
430,10593671379,7260287929,0,143.1966262014567,residential,"LINESTRING (77.6985738 12.817894, 77.6984131 12.8178821, 77.698338 12.8179043, 77.6980175 12.8181123, 77.6973228 12.8180697)"
431,10593671379,10593671380,0,41.467867425999835,residential,"LINESTRING (77.6985738 12.817894, 77.6985872 12.8175213)"
432,10593671380,10593671379,0,41.467867425999835,residential,"LINESTRING (77.6985872 12.8175213, 77.6985738 12.817894)"
433,11007224148,2389211796,0,32.64897548869872,residential,"LINESTRING (77.6834245 12.8260407, 77.6831259 12.8260027)"
434,11007224148,11007224149,0,55.896438324100004,residential,"LINESTRING (77.6834245 12.8260407, 77.6834386 12.8265432)"
435,11007224148,11027164733,0,28.66801570095083,residential,"LINESTRING (77.6834245 12.8260407, 77.6836867 12.826074)"
436,11007224149,11007224148,0,55.896438324100004,residential,"LINESTRING (77.6834386 12.8265432, 77.6834245 12.8260407)"
437,11007224149,11027164733,0,72.791657419212,residential,"LINESTRING (77.6834386 12.8265432, 77.6836342 12.8265122, 77.6836815 12.8264779, 77.6836867 12.826074)"
438,11009893414,5395327190,0,66.23671320896895,residential,"LINESTRING (77.6883673 12.8205757, 77.6879024 12.8206149, 77.6877601 12.8206381)"
439,11009893414,9992847509,0,221.98267537944318,residential,"LINESTRING (77.6883673 12.8205757, 77.689358 12.8204922, 77.6897639 12.820458, 77.6902359 12.8204005, 77.6904053 12.8203878)"
440,11009893414,11009893415,0,187.10995715504143,residential,"LINESTRING (77.6883673 12.8205757, 77.6884211 12.8222576)"
441,11009893415,11009893414,0,187.10995715504143,residential,"LINESTRING (77.6884211 12.8222576, 77.6883673 12.8205757)"
442,11009962479,5395327195,0,189.09744902512773,residential,"LINESTRING (77.6937155 12.8200304, 77.6931748 12.8200816, 77.6928085 12.8201163, 77.6927912 12.8201179, 77.6919796 12.8201948)"
443,11009962479,7260287938,0,445.7063958932659,residential,"LINESTRING (77.6937155 12.8200304, 77.6940572 12.819998, 77.6950335 12.8199143, 77.6951192 12.8199034, 77.69532 12.819878, 77.695843 12.8198335, 77.6957539 12.8190794, 77.6956973 12.8185364, 77.6956946 12.8185105, 77.6956628 12.8182065, 77.6956432 12.8179193)"
444,11009962479,11009962487,0,311.0999334931416,residential,"LINESTRING (77.6937155 12.8200304, 77.6938489 12.8214009, 77.6938621 12.8214662, 77.6939039 12.8215151, 77.6939702 12.8215274, 77.6940527 12.8215191, 77.6950314 12.8214195, 77.6950866 12.8214236, 77.6951555 12.8214505, 77.6951957 12.8214938)"
445,11009962487,11009962479,0,311.0999334931416,residential,"LINESTRING (77.6951957 12.8214938, 77.6951555 12.8214505, 77.6950866 12.8214236, 77.6950314 12.8214195, 77.6940527 12.8215191, 77.6939702 12.8215274, 77.6939039 12.8215151, 77.6938621 12.8214662, 77.6938489 12.8214009, 77.6937155 12.8200304)"
446,11009962487,11009962490,0,81.8124262020189,residential,"LINESTRING (77.6951957 12.8214938, 77.6951917 12.8215841, 77.6951725 12.8222292)"
447,11009962487,11022372291,0,28.722071832935466,residential,"LINESTRING (77.6951957 12.8214938, 77.6951809 12.8212359)"
448,11009962490,11009962487,0,81.8124262020189,residential,"LINESTRING (77.6951725 12.8222292, 77.6951917 12.8215841, 77.6951957 12.8214938)"
449,11010072955,7147141395,0,140.90082009843465,residential,"LINESTRING (77.6893586 12.8169206, 77.689325 12.8168986, 77.6893383 12.8168451, 77.6896083 12.8157024)"
450,11010072955,9780811233,0,35.55081671565295,residential,"LINESTRING (77.6893586 12.8169206, 77.6895197 12.8169149, 77.6895697 12.8168996, 77.6896263 12.8168028)"
451,11010072955,11929997694,0,98.40155434765948,residential,"LINESTRING (77.6893586 12.8169206, 77.689338 12.8171078, 77.6893702 12.8171313, 77.6897188 12.8171679, 77.6900157 12.8172935)"
452,11010072963,9780811235,0,43.54005636350378,residential,"LINESTRING (77.6902599 12.8160574, 77.6902163 12.8160331, 77.6899105 12.8158644)"
453,11010072963,11929997696,0,129.9915541846093,residential,"LINESTRING (77.6902599 12.8160574, 77.6902247 12.8160781, 77.690196 12.8160993, 77.6901598 12.8161268, 77.6901281 12.8161581, 77.6900525 12.8162292, 77.690017 12.8162655, 77.6899826 12.816297, 77.6899103 12.816469, 77.6899 12.81651, 77.6899047 12.8165428, 77.690352 12.8168701)"
454,11010072963,11929997697,0,63.69951273443941,residential,"LINESTRING (77.6902599 12.8160574, 77.6905918 12.8162423, 77.6907632 12.8163524)"
455,11012007914,9780835283,0,77.74581491825137,residential,"LINESTRING (77.7016143 12.8105294, 77.701283 12.8104781, 77.700904 12.8104349)"
456,11012007914,9780835286,0,261.87527778000134,residential,"LINESTRING (77.7016143 12.8105294, 77.7016676 12.8102076, 77.7018637 12.8099633, 77.7019811 12.8096205, 77.7020765 12.8095441, 77.700815 12.8094127)"
457,11022242797,5922720520,0,84.99653640636717,residential,"LINESTRING (77.6872085 12.8247228, 77.6871731 12.8241072, 77.6871699 12.8240575, 77.6871467 12.8240381, 77.6870775 12.8240482)"
458,11022268657,11022268658,0,70.78815782333169,residential,"LINESTRING (77.6853767 12.8242166, 77.685718 12.8241928, 77.6857155 12.8240413, 77.6857022 12.8238904)"
459,11022268658,9780799589,0,92.97217645918738,residential,"LINESTRING (77.6857022 12.8238904, 77.6856833 12.823675, 77.6856082 12.8232878, 77.6854929 12.8230919)"
460,11022268658,11022268657,0,70.78815782333169,residential,"LINESTRING (77.6857022 12.8238904, 77.6857155 12.8240413, 77.685718 12.8241928, 77.6853767 12.8242166)"
461,11022268658,11022268659,0,39.50987623587391,residential,"LINESTRING (77.6857022 12.8238904, 77.6853391 12.8239205)"
462,11022268659,11022268658,0,39.50987623587391,residential,"LINESTRING (77.6853391 12.8239205, 77.6857022 12.8238904)"
463,11022268660,5922720525,0,38.210797873875386,tertiary,"LINESTRING (77.6843378 12.8243442, 77.6841035 12.8246009)"
464,11022268660,11022268661,0,38.45614636058356,residential,"LINESTRING (77.6843378 12.8243442, 77.6846865 12.8244075)"
465,11022268660,11900215340,0,173.84048236164278,tertiary,"LINESTRING (77.6843378 12.8243442, 77.6843637 12.8243159, 77.6846183 12.8240341, 77.6851389 12.823458, 77.6854077 12.82318)"
466,11022268661,11022268660,0,38.45614636058356,residential,"LINESTRING (77.6846865 12.8244075, 77.6843378 12.8243442)"
467,11022372291,11009962487,0,28.722071832935466,residential,"LINESTRING (77.6951809 12.8212359, 77.6951957 12.8214938)"
468,11027164733,1814804293,0,42.32466832406024,residential,"LINESTRING (77.6836867 12.826074, 77.6840738 12.8261232)"
469,11027164733,11007224148,0,28.66801570095083,residential,"LINESTRING (77.6836867 12.826074, 77.6834245 12.8260407)"
470,11027164733,11007224149,0,72.791657419212,residential,"LINESTRING (77.6836867 12.826074, 77.6836815 12.8264779, 77.6836342 12.8265122, 77.6834386 12.8265432)"
471,11175920777,9780835283,0,55.79434991157866,residential,"LINESTRING (77.7007932 12.8109249, 77.700904 12.8104349)"
472,11303813683,9780799613,0,21.14381274361414,residential,"LINESTRING (77.6888234 12.8152873, 77.6889968 12.8153743)"
473,11307381271,9780799596,0,90.0190061160082,residential,"LINESTRING (77.6915255 12.8222883, 77.6923321 12.8220964)"
474,11393427235,11393427250,0,146.44711239561673,residential,"LINESTRING (77.7000445 12.8125334, 77.7000631 12.8124984, 77.7000881 12.8124842, 77.7008278 12.8124522, 77.7008778 12.8124368, 77.7009094 12.8124098, 77.7009318 12.8123572, 77.7009554 12.8120468, 77.7009554 12.8119797)"
475,11393427235,11393427256,0,2.8631502442777514,residential,"LINESTRING (77.7000445 12.8125334, 77.7000185 12.8125379)"
476,11393427235,11393427257,0,54.414865753638296,residential,"LINESTRING (77.7000445 12.8125334, 77.7001229 12.8125198, 77.7005446 12.8124992)"
477,11393427247,11393427248,0,27.53635879253608,residential,"LINESTRING (77.701328 12.8116407, 77.7010741 12.8116352)"
478,11393427248,11393427247,0,27.53635879253608,residential,"LINESTRING (77.7010741 12.8116352, 77.701328 12.8116407)"
479,11393427248,11393427249,0,15.486891497172113,residential,"LINESTRING (77.7010741 12.8116352, 77.7010831 12.8114962)"
480,11393427248,11393427250,0,46.92873220793421,residential,"LINESTRING (77.7010741 12.8116352, 77.7010568 12.8116349, 77.7009923 12.8116503, 77.7009686 12.8116747, 77.7009554 12.8117196, 77.7009554 12.8119797)"
481,11393427249,11393427248,0,15.486891497172113,residential,"LINESTRING (77.7010831 12.8114962, 77.7010741 12.8116352)"
482,11393427250,11393427235,0,146.4471123956167,residential,"LINESTRING (77.7009554 12.8119797, 77.7009554 12.8120468, 77.7009318 12.8123572, 77.7009094 12.8124098, 77.7008778 12.8124368, 77.7008278 12.8124522, 77.7000881 12.8124842, 77.7000631 12.8124984, 77.7000445 12.8125334)"
483,11393427250,11393427248,0,46.92873220793421,residential,"LINESTRING (77.7009554 12.8119797, 77.7009554 12.8117196, 77.7009686 12.8116747, 77.7009923 12.8116503, 77.7010568 12.8116349, 77.7010741 12.8116352)"
484,11393427250,11393427253,0,93.23714692676486,residential,"LINESTRING (77.7009554 12.8119797, 77.7013546 12.8119913, 77.7013648 12.8120011, 77.7013734 12.812021, 77.7013706 12.8124345)"
485,11393427253,11393427250,0,93.23714692676486,residential,"LINESTRING (77.7013706 12.8124345, 77.7013734 12.812021, 77.7013648 12.8120011, 77.7013546 12.8119913, 77.7009554 12.8119797)"
486,11393427255,11393427256,0,39.11741634042053,residential,"LINESTRING (77.7000267 12.8128896, 77.7000185 12.8125379)"
487,11393427256,7260445534,0,185.03892350374386,residential,"LINESTRING (77.7000185 12.8125379, 77.6999922 12.8125425, 77.6993872 12.8125023, 77.6983139 12.8125205)"
488,11393427256,11393427235,0,2.8631502442777514,residential,"LINESTRING (77.7000185 12.8125379, 77.7000445 12.8125334)"
489,11393427256,11393427255,0,39.11741634042053,residential,"LINESTRING (77.7000185 12.8125379, 77.7000267 12.8128896)"
490,11393427257,9780835291,0,44.75950393370545,residential,"LINESTRING (77.7005446 12.8124992, 77.7009569 12.8124792)"
491,11393427257,11393427235,0,54.414865753638296,residential,"LINESTRING (77.7005446 12.8124992, 77.7001229 12.8125198, 77.7000445 12.8125334)"
492,11393427257,11393427258,0,18.41244615151747,residential,"LINESTRING (77.7005446 12.8124992, 77.7005501 12.8126647)"
493,11393427258,11393427257,0,18.41244615151747,residential,"LINESTRING (77.7005501 12.8126647, 77.7005446 12.8124992)"
494,11393427598,7260445507,0,36.40583103899003,residential,"LINESTRING (77.697984 12.8131948, 77.6976484 12.8132051)"
495,11393427600,11393427602,0,37.04022811303641,residential,"LINESTRING (77.6973089 12.8129091, 77.6976505 12.8129124)"
496,11393427601,11393427602,0,34.17604567190319,residential,"LINESTRING (77.6979657 12.8129117, 77.6976505 12.8129124)"
497,11393427602,7260445507,0,32.54759746497607,residential,"LINESTRING (77.6976505 12.8129124, 77.6976484 12.8132051)"
498,11393427602,11393427600,0,37.04022811303641,residential,"LINESTRING (77.6976505 12.8129124, 77.6973089 12.8129091)"
499,11393427602,11393427601,0,34.17604567190319,residential,"LINESTRING (77.6976505 12.8129124, 77.6979657 12.8129117)"
500,11393427603,7260445507,0,40.25942594552038,residential,"LINESTRING (77.6972773 12.8132172, 77.6976484 12.8132051)"
501,11393427604,11393427605,0,36.67187099435282,residential,"LINESTRING (77.6973066 12.8135041, 77.6976446 12.8134922)"
502,11393427605,7260445507,0,31.9267672279154,residential,"LINESTRING (77.6976446 12.8134922, 77.6976484 12.8132051)"
503,11393427605,11393427604,0,36.67187099435282,residential,"LINESTRING (77.6976446 12.8134922, 77.6973066 12.8135041)"
504,11393427605,11393427606,0,29.65838321207523,residential,"LINESTRING (77.6976446 12.8134922, 77.697918 12.8134838)"
505,11393427605,11393427608,0,32.66073361361582,residential,"LINESTRING (77.6976446 12.8134922, 77.6976407 12.8137859)"
506,11393427606,11393427605,0,29.65838321207523,residential,"LINESTRING (77.697918 12.8134838, 77.6976446 12.8134922)"
507,11393427607,11393427608,0,56.16521691366479,residential,"LINESTRING (77.6971228 12.8137961, 77.6976407 12.8137859)"
508,11393427608,11393427605,0,32.66073361361582,residential,"LINESTRING (77.6976407 12.8137859, 77.6976446 12.8134922)"
509,11393427608,11393427607,0,56.16521691366479,residential,"LINESTRING (77.6976407 12.8137859, 77.6971228 12.8137961)"
510,11393427608,11393427611,0,57.06328371248731,residential,"LINESTRING (77.6976407 12.8137859, 77.697636 12.8141372, 77.6976318 12.814299)"
511,11393427609,7260445517,0,411.50743041604966,residential,"LINESTRING (77.6972811 12.8148292, 77.6971076 12.8148154, 77.69637 12.8143307, 77.6963391 12.8142925, 77.6963042 12.8142003, 77.6962379 12.81415, 77.6948793 12.813232, 77.6941965 12.812748)"
512,11393427609,11393427610,0,91.09799182898978,residential,"LINESTRING (77.6972811 12.8148292, 77.6972707 12.81401)"
513,11393427609,11393427611,0,96.21834862840282,residential,"LINESTRING (77.6972811 12.8148292, 77.6975732 12.8148525, 77.697605 12.8148427, 77.6976185 12.8148168, 77.6976318 12.814299)"
514,11393427610,11393427609,0,91.09799182898978,residential,"LINESTRING (77.6972707 12.81401, 77.6972811 12.8148292)"
515,11393427611,11393427608,0,57.06328371248731,residential,"LINESTRING (77.6976318 12.814299, 77.697636 12.8141372, 77.6976407 12.8137859)"
516,11393427611,11393427609,0,96.21834862840282,residential,"LINESTRING (77.6976318 12.814299, 77.6976185 12.8148168, 77.697605 12.8148427, 77.6975732 12.8148525, 77.6972811 12.8148292)"
517,11393427611,11393427615,0,91.2129820896769,residential,"LINESTRING (77.6976318 12.814299, 77.6978609 12.8143088, 77.6978908 12.8143283, 77.6978948 12.8143574, 77.6979307 12.8148885)"
518,11393427615,11393427611,0,91.2129820896769,residential,"LINESTRING (77.6979307 12.8148885, 77.6978948 12.8143574, 77.6978908 12.8143283, 77.6978609 12.8143088, 77.6976318 12.814299)"
519,11393442433,9780835308,0,26.87150846589364,residential,"LINESTRING (77.7004168 12.8168766, 77.7004015 12.8171178)"
520,11393442433,10293606377,0,31.48674048271243,residential,"LINESTRING (77.7004168 12.8168766, 77.7004294 12.8165937)"
521,11393442433,11393442434,0,22.749036490810077,residential,"LINESTRING (77.7004168 12.8168766, 77.7006266 12.816879)"
522,11393442434,11393442433,0,22.749036490810077,residential,"LINESTRING (77.7006266 12.816879, 77.7004168 12.8168766)"
523,11393472891,11393472893,0,96.35599565450664,residential,"LINESTRING (77.6981438 12.8197367, 77.6985879 12.8198221, 77.6990142 12.8199115)"
524,11393472891,11393472894,0,20.772425729424462,residential,"LINESTRING (77.6981438 12.8197367, 77.6980637 12.8199064)"
525,11393472891,11393472900,0,84.7904028343365,residential,"LINESTRING (77.6981438 12.8197367, 77.6983943 12.8192578, 77.6984618 12.8190427)"
526,11393472893,11393472891,0,96.35599565450664,residential,"LINESTRING (77.6990142 12.8199115, 77.6985879 12.8198221, 77.6981438 12.8197367)"
527,11393472894,9780955124,0,176.90056376805245,residential,"LINESTRING (77.6980637 12.8199064, 77.6979303 12.8201889, 77.6976541 12.8207512, 77.6974663 12.8209918, 77.6972987 12.8213059)"
528,11393472894,11393472891,0,20.772425729424462,residential,"LINESTRING (77.6980637 12.8199064, 77.6981438 12.8197367)"
529,11393472894,11393472895,0,17.065308417514164,residential,"LINESTRING (77.6980637 12.8199064, 77.6979141 12.8198587)"
530,11393472895,11393472894,0,17.065308417514164,residential,"LINESTRING (77.6979141 12.8198587, 77.6980637 12.8199064)"
531,11393472895,11393472898,0,38.466465886732166,residential,"LINESTRING (77.6979141 12.8198587, 77.6978967 12.8198163, 77.6979067 12.8197774, 77.6979905 12.8195304)"
532,11393472895,11393472899,0,45.05889256294061,residential,"LINESTRING (77.6979141 12.8198587, 77.6975037 12.8197949)"
533,11393472898,11393472895,0,38.466465886732166,residential,"LINESTRING (77.6979905 12.8195304, 77.6979067 12.8197774, 77.6978967 12.8198163, 77.6979141 12.8198587)"
534,11393472899,11393472895,0,45.05889256294061,residential,"LINESTRING (77.6975037 12.8197949, 77.6979141 12.8198587)"
535,11393472900,6270845563,0,25.771597432542,residential,"LINESTRING (77.6984618 12.8190427, 77.6985311 12.818821)"
536,11393472900,11393472891,0,84.7904028343365,residential,"LINESTRING (77.6984618 12.8190427, 77.6983943 12.8192578, 77.6981438 12.8197367)"
537,11393472900,11393472901,0,34.4291698664177,residential,"LINESTRING (77.6984618 12.8190427, 77.6987793 12.8190478)"
538,11393472901,11393472900,0,34.4291698664177,residential,"LINESTRING (77.6987793 12.8190478, 77.6984618 12.8190427)"
539,11430476531,10272970004,0,38.11568685995293,residential,"LINESTRING (77.6976541 12.8175339, 77.6973026 12.8175392)"
540,11900215339,11900215340,0,43.28267004069646,trunk_link,"LINESTRING (77.6850335 12.8233156, 77.6854077 12.82318)"
541,11900215339,11903068261,0,1352.4266195245993,trunk,"LINESTRING (77.6850335 12.8233156, 77.6852629 12.8230684, 77.6868974 12.8213304, 77.6873333 12.8208741, 77.6874805 12.8207201, 77.6883966 12.8197614, 77.6887464 12.8193828, 77.689143 12.8189393, 77.6896695 12.8182743, 77.6906569 12.8170311, 77.6930594 12.8140186)"
542,11900215340,9780799589,0,13.464747445315119,tertiary,"LINESTRING (77.6854077 12.82318, 77.6854929 12.8230919)"
543,11900215340,11022268660,0,173.84048236164278,tertiary,"LINESTRING (77.6854077 12.82318, 77.6851389 12.823458, 77.6846183 12.8240341, 77.6843637 12.8243159, 77.6843378 12.8243442)"
544,11903068261,7263230562,0,889.1235946480832,trunk,"LINESTRING (77.6930594 12.8140186, 77.6931049 12.8139637, 77.6976689 12.8082333, 77.6978211 12.8080423, 77.6980904 12.8077043)"
545,11903068261,12836773106,0,17.5544356504373,trunk_link,"LINESTRING (77.6930594 12.8140186, 77.6931772 12.8141269)"
546,11903070947,7100739193,0,13.193626784535159,trunk_link,"LINESTRING (77.6954421 12.8108028, 77.6953484 12.8107271)"
547,11903070947,11924857528,0,1624.0584391248767,trunk,"LINESTRING (77.6954421 12.8108028, 77.694444 12.8120583, 77.6915648 12.8156812, 77.6905602 12.8169635, 77.6896008 12.8181807, 77.6890283 12.8188833, 77.6886806 12.8192536, 77.688248 12.8197186, 77.687344 12.8206701, 77.6868294 12.8212117, 77.685979 12.8221095)"
548,11924857524,11924857525,0,10.427762347097463,tertiary_link,"LINESTRING (77.6870465 12.8207912, 77.6869666 12.820739)"
549,11924857524,11924857528,0,193.5141420777934,tertiary,"LINESTRING (77.6870465 12.8207912, 77.6869478 12.8208952, 77.68686 12.8209845, 77.6863619 12.8215127, 77.6859478 12.8219509, 77.685979 12.8221095)"
550,11924857525,1964047103,0,27.609458293917687,tertiary,"LINESTRING (77.6869666 12.820739, 77.6867971 12.8209243)"
551,11924857525,6749327457,0,302.6045994911746,tertiary,"LINESTRING (77.6869666 12.820739, 77.6876785 12.819951, 77.6877138 12.8199038, 77.6877165 12.8197652, 77.6877272 12.8197129, 77.6878069 12.819624, 77.688149 12.8192424, 77.6883634 12.8190033, 77.6885104 12.8188393, 77.6885775 12.8187818, 77.6886432 12.81877, 77.6887041 12.8187702, 77.6887541 12.8187741)"
552,11924857525,11924857524,0,10.427762347097463,tertiary_link,"LINESTRING (77.6869666 12.820739, 77.6870465 12.8207912)"
553,11924857528,10001212631,0,316.84069858488556,trunk,"LINESTRING (77.685979 12.8221095, 77.6855451 12.8225676, 77.6848388 12.8233209, 77.6844115 12.8237766, 77.684176 12.8240512, 77.6840293 12.824231)"
554,11929990226,1814895821,0,35.328453833761536,tertiary,"LINESTRING (77.6892596 12.8189429, 77.6889587 12.818821)"
555,11929990226,14100775650,0,4.888046255412464,tertiary,"LINESTRING (77.6892596 12.8189429, 77.6892297 12.8189758)"
556,11929990228,5018297475,0,184.46134886335284,tertiary,"LINESTRING (77.6896412 12.8185711, 77.6896599 12.8185473, 77.6902674 12.817751, 77.6906689 12.8172492)"
557,11929990228,11929990234,0,20.941421008544737,tertiary,"LINESTRING (77.6896412 12.8185711, 77.6895736 12.8185698, 77.6895557 12.8185745, 77.6895303 12.8185845, 77.6894831 12.818647)"
558,11929990232,10168788327,0,117.79718549511061,residential,"LINESTRING (77.6895148 12.8189477, 77.6905916 12.8188068)"
559,11929990234,11929990226,0,40.86326767567786,tertiary,"LINESTRING (77.6894831 12.818647, 77.6892596 12.8189429)"
560,11929990234,11929990235,0,29.649827146148898,tertiary_link,"LINESTRING (77.6894831 12.818647, 77.6892575 12.8184963)"
561,11929990235,1814895821,0,48.50919037396183,tertiary,"LINESTRING (77.6892575 12.8184963, 77.6889587 12.818821)"
562,11929990235,11929990234,0,29.649827146148898,tertiary_link,"LINESTRING (77.6892575 12.8184963, 77.6894831 12.818647)"
563,11929997694,11010072955,0,98.40155434765948,residential,"LINESTRING (77.6900157 12.8172935, 77.6897188 12.8171679, 77.6893702 12.8171313, 77.689338 12.8171078, 77.6893586 12.8169206)"
564,11929997694,11929997695,0,26.97941483677416,tertiary,"LINESTRING (77.6900157 12.8172935, 77.6901681 12.8171017)"
565,11929997694,11929997701,0,205.956721378415,tertiary,"LINESTRING (77.6900157 12.8172935, 77.6888526 12.8187579)"
566,11929997695,9780811233,0,68.11408673281788,residential,"LINESTRING (77.6901681 12.8171017, 77.6899158 12.8169319, 77.6898655 12.8168946, 77.6898193 12.8168669, 77.6897816 12.8168495, 77.6896263 12.8168028)"
567,11929997695,11929997694,0,26.97941483677416,tertiary,"LINESTRING (77.6901681 12.8171017, 77.6900157 12.8172935)"
568,11929997695,11929997696,0,32.5696193434754,tertiary,"LINESTRING (77.6901681 12.8171017, 77.690352 12.8168701)"
569,11929997696,11010072963,0,129.99155418460927,residential,"LINESTRING (77.690352 12.8168701, 77.6899047 12.8165428, 77.6899 12.81651, 77.6899103 12.816469, 77.6899826 12.816297, 77.690017 12.8162655, 77.6900525 12.8162292, 77.6901281 12.8161581, 77.6901598 12.8161268, 77.690196 12.8160993, 77.6902247 12.8160781, 77.6902599 12.8160574)"
570,11929997696,11929997695,0,32.5696193434754,tertiary,"LINESTRING (77.690352 12.8168701, 77.6901681 12.8171017)"
571,11929997696,11929997697,0,72.81182720455428,tertiary,"LINESTRING (77.690352 12.8168701, 77.6907632 12.8163524)"
572,11929997697,11010072963,0,63.69951273443941,residential,"LINESTRING (77.6907632 12.8163524, 77.6905918 12.8162423, 77.6902599 12.8160574)"
573,11929997697,11929997696,0,72.81182720455428,tertiary,"LINESTRING (77.6907632 12.8163524, 77.690352 12.8168701)"
574,11929997697,11929997699,0,60.366968056280484,tertiary,"LINESTRING (77.6907632 12.8163524, 77.6908643 12.8162252, 77.6911096 12.8159274)"
575,11929997699,1814895833,0,54.3823753270283,tertiary,"LINESTRING (77.6911096 12.8159274, 77.6911722 12.8158188, 77.6913318 12.8154892)"
576,11929997699,11929997697,0,60.366968056280484,tertiary,"LINESTRING (77.6911096 12.8159274, 77.6908643 12.8162252, 77.6907632 12.8163524)"
577,11929997699,11929997702,0,13.348731032437081,tertiary_link,"LINESTRING (77.6911096 12.8159274, 77.6912112 12.8159952)"
578,11929997701,6749327457,0,10.843781042411399,tertiary,"LINESTRING (77.6888526 12.8187579, 77.6888027 12.8187677, 77.6887643 12.8187738, 77.6887541 12.8187741)"
579,11929997701,11929997694,0,205.956721378415,tertiary,"LINESTRING (77.6888526 12.8187579, 77.6900157 12.8172935)"
580,11929997701,14100775640,0,102.93758063689738,tertiary,"LINESTRING (77.6888526 12.8187579, 77.6888062 12.8187131, 77.6885049 12.8184219, 77.6884561 12.8183769, 77.688317 12.8181477, 77.6882061 12.8181041)"
581,11929997702,11929990235,0,349.6434529388187,tertiary,"LINESTRING (77.6912112 12.8159952, 77.6909157 12.8164035, 77.6904888 12.8169431, 77.6903111 12.8171736, 77.6901536 12.8173746, 77.6895794 12.8180957, 77.6892575 12.8184963)"
582,11929997702,11929997699,0,13.348731032437081,tertiary_link,"LINESTRING (77.6912112 12.8159952, 77.6911096 12.8159274)"
583,12836773106,7260445517,0,189.0504867845126,tertiary,"LINESTRING (77.6931772 12.8141269, 77.6932976 12.8139746, 77.6935128 12.813702, 77.6941965 12.812748)"
584,12836773106,9780799602,0,89.52285477271735,tertiary,"LINESTRING (77.6931772 12.8141269, 77.6931175 12.8142025, 77.6926732 12.8147646)"
585,12836773106,11903068261,0,17.5544356504373,trunk_link,"LINESTRING (77.6931772 12.8141269, 77.6930594 12.8140186)"
586,13128325122,13128325125,0,78.75544155179344,residential,"LINESTRING (77.6981637 12.8161717, 77.6984507 12.816122, 77.6984829 12.8160514, 77.6988218 12.8159463)"
587,13128325125,5018297467,0,123.22604784551062,residential,"LINESTRING (77.6988218 12.8159463, 77.6988664 12.8160383, 77.6990032 12.8162017, 77.698971 12.8168176, 77.698972 12.8169964)"
588,13128325125,9903259298,0,33.77276941012589,residential,"LINESTRING (77.6988218 12.8159463, 77.6986887 12.8156717)"
589,13128325125,13128325122,0,78.75544155179344,residential,"LINESTRING (77.6988218 12.8159463, 77.6984829 12.8160514, 77.6984507 12.816122, 77.6981637 12.8161717)"
590,13516244092,13516244094,0,71.59436674997042,tertiary_link,"LINESTRING (77.689454 12.8113236, 77.6895537 12.8113406, 77.6897973 12.8108499)"
591,13516244094,1814895779,0,105.2933143583511,tertiary_link,"LINESTRING (77.6897973 12.8108499, 77.689765 12.8108316, 77.6888749 12.8105565)"
592,13516244094,13516244092,0,71.59436674997042,tertiary_link,"LINESTRING (77.6897973 12.8108499, 77.6895537 12.8113406, 77.689454 12.8113236)"
593,13516244094,13516244096,0,211.12306258237663,tertiary_link,"LINESTRING (77.6897973 12.8108499, 77.6900435 12.8109249, 77.6905485 12.8111202, 77.6909203 12.8112708, 77.6913026 12.8114379, 77.6915963 12.8115722)"
594,13516244095,13516244096,0,83.49692777589216,tertiary_link,"LINESTRING (77.6911749 12.8122007, 77.6915963 12.8115722)"
595,13516244096,1814895880,0,230.59477124740738,tertiary_link,"LINESTRING (77.6915963 12.8115722, 77.6917176 12.8116277, 77.6922331 12.8118852, 77.6926354 12.8120369, 77.6926842 12.8120604, 77.693027 12.8122252, 77.6931269 12.8122616, 77.693538 12.8124116)"
596,13516244096,13516244094,0,211.12306258237663,tertiary_link,"LINESTRING (77.6915963 12.8115722, 77.6913026 12.8114379, 77.6909203 12.8112708, 77.6905485 12.8111202, 77.6900435 12.8109249, 77.6897973 12.8108499)"
597,13516244096,13516244095,0,83.49692777589216,tertiary_link,"LINESTRING (77.6915963 12.8115722, 77.6911749 12.8122007)"
598,13757824083,1814804308,0,91.91475775867431,residential,"LINESTRING (77.6861042 12.8250892, 77.6861123 12.8249934, 77.6861236 12.824263)"
599,13757824083,1814804309,0,10.521509211109748,residential,"LINESTRING (77.6861042 12.8250892, 77.6860962 12.8251835)"
600,13757824083,13757824084,0,43.853968320190205,residential,"LINESTRING (77.6861042 12.8250892, 77.6865036 12.8250269)"
601,13757824084,1814889209,0,56.82613232098327,residential,"LINESTRING (77.6865036 12.8250269, 77.6865009 12.8250734, 77.6864902 12.8252146, 77.6864824 12.8255374)"
602,13757824084,1814889237,0,89.35961224778582,residential,"LINESTRING (77.6865036 12.8250269, 77.6865092 12.8249306, 77.6865242 12.8243668, 77.6865079 12.8242245)"
603,13757824084,13757824083,0,43.853968320190205,residential,"LINESTRING (77.6865036 12.8250269, 77.6861042 12.8250892)"
604,14100775640,1814895801,0,451.65510796049114,tertiary,"LINESTRING (77.6882061 12.8181041, 77.6876797 12.8176616, 77.687491 12.8174905, 77.6874387 12.817443, 77.6870105 12.8170549, 77.6869643 12.8170131, 77.6869295 12.8169815, 77.6859715 12.816113, 77.6851414 12.8153537)"
605,14100775640,6749327457,0,99.17356914618726,tertiary,"LINESTRING (77.6882061 12.8181041, 77.6882223 12.8182737, 77.6884173 12.8184341, 77.6887233 12.8187391, 77.6887541 12.8187741)"
606,14100775645,1964047107,0,5.598762863954415,tertiary,"LINESTRING (77.6892968 12.8189986, 77.6893302 12.8189602)"
607,14100775645,1964047107,1,19.702565553711096,tertiary,"LINESTRING (77.6892968 12.8189986, 77.6893567 12.8190106, 77.6893972 12.8189936, 77.6893696 12.8189724, 77.6893302 12.8189602)"
608,14100775650,1964047108,0,97.65195751915833,tertiary,"LINESTRING (77.6892297 12.8189758, 77.6888182 12.8194274, 77.6886829 12.819575, 77.6886747 12.8196015, 77.688684 12.8196491)"
609,14100775650,14100775645,0,7.704310682142928,tertiary,"LINESTRING (77.6892297 12.8189758, 77.6892968 12.8189986)"
610,14100775651,11924857524,0,295.5430888579395,tertiary,"LINESTRING (77.6889149 12.8188695, 77.6886192 12.8191975, 77.6883822 12.819446, 77.6883755 12.819453, 77.6879297 12.8199203, 77.6877249 12.8200406, 77.6874518 12.8203642, 77.6871348 12.8206982, 77.6870465 12.8207912)"
611,14100775651,14100775650,0,36.12050862186338,tertiary,"LINESTRING (77.6889149 12.8188695, 77.6892297 12.8189758)"
